number,value,datetime_start,datetime_complete,duration,params_alpha_mult_Prosody,params_alpha_mult_Scene,params_alpha_mult_Timbre,params_alpha_mult_Vocal_Tract,params_alpha_mult_Voice_Quality,params_tau,user_attrs_effective_rank,user_attrs_effective_rank_avg,user_attrs_group_breakdown,user_attrs_max_group_uniformity,user_attrs_min_group_alignment,user_attrs_min_group_rank,user_attrs_uniformity,user_attrs_uniformity_avg,user_attrs_weight_entropy_ratio,system_attrs_constraints,state
0,0.9178621559143066,2026-07-30 19:21:56.865395,2026-07-30 19:31:32.023444,0 days 00:09:35.158049,2.1408571676918995,0.9559945203362027,1.5986584841970366,2.7443897010793887,2.812037280884873,0.40581311290499433,2.366110529899597,3.4692949972152705,"{""Prosody"": {""alignment"": 0.9846355986595153, ""uniformity"": -0.05929195508360863, ""effective_rank"": 2.39722366809845, ""weight_entropy_ratio"": 0.8706414072263285}, ""Vocal_Tract"": {""alignment"": 0.9840834188461304, ""uniformity"": -0.05637309603393078, ""effective_rank"": 2.366110529899597, ""weight_entropy_ratio"": 0.9278002641255928}, ""Timbre"": {""alignment"": 0.8147169613838195, ""uniformity"": -0.802842298746109, ""effective_rank"": 5.043239459991455, ""weight_entropy_ratio"": 0.8557910494862702}, ""Voice_Quality"": {""alignment"": 0.9823894906044006, ""uniformity"": -0.059918670505285265, ""effective_rank"": 2.42476722240448, ""weight_entropy_ratio"": 0.8599941420059836}, ""Scene"": {""alignment"": 0.8234853100776672, ""uniformity"": -0.9399976301193237, ""effective_rank"": 5.115134105682373, ""weight_entropy_ratio"": 0.6203110041678248}}",-0.05637309603393078,0.8147169613838195,2.366110529899597,-0.05637309603393078,-0.38368473009765147,0.8269075734024,"[0.29070804491639135, 0.13388947010040297]",COMPLETE
1,0.9911303544044496,2026-07-30 19:31:36.480096,2026-07-30 19:49:12.377784,0 days 00:17:35.897688,2.039411374929922,1.7699098521619945,1.7080725777960455,2.521895519963455,2.541168988591605,0.10517943155978948,1.516154146194458,1.764400555610657,"{""Prosody"": {""alignment"": 0.9978679180145263, ""uniformity"": -0.008594977110624314, ""effective_rank"": 1.553350419998169, ""weight_entropy_ratio"": 0.8603977842523026}, ""Vocal_Tract"": {""alignment"": 0.9981577014923095, ""uniformity"": -0.007311801202595234, ""effective_rank"": 1.516154146194458, ""weight_entropy_ratio"": 0.9102372411887358}, ""Timbre"": {""alignment"": 0.9809846925735474, ""uniformity"": -0.12431484028697014, ""effective_rank"": 2.1011148643493653, ""weight_entropy_ratio"": 0.8832394242905434}, ""Voice_Quality"": {""alignment"": 0.9981487226486206, ""uniformity"": -0.007445532064884901, ""effective_rank"": 1.5224978160858154, ""weight_entropy_ratio"": 0.8291016992530104}, ""Scene"": {""alignment"": 0.9804927372932434, ""uniformity"": -0.14298053562641144, ""effective_rank"": 2.128885531425476, ""weight_entropy_ratio"": 0.8547966363764218}}",-0.007311801202595234,0.9804927372932434,1.516154146194458,-0.007311801202595234,-0.0581295372582972,0.8675545570722027,"[0.3414050228893757, 0.9838458538055419]",COMPLETE
2,0.7775434060096741,2026-07-30 19:49:16.022801,2026-07-30 20:07:51.892082,0 days 00:18:35.869281,1.2548069328139313,1.3247564316322378,1.1834045098534338,1.8091024442520711,3.1084844859190754,0.8408205087604007,3.2749722671508787,4.2828883342742925,"{""Prosody"": {""alignment"": 0.7577997660636902, ""uniformity"": -1.0315060830116272, ""effective_rank"": 4.350707130432129, ""weight_entropy_ratio"": 0.6963837267657966}, ""Vocal_Tract"": {""alignment"": 0.8634002923965454, ""uniformity"": -0.4112871015071869, ""effective_rank"": 3.428795156478882, ""weight_entropy_ratio"": 0.8336899458147837}, ""Timbre"": {""alignment"": 0.6815817141532898, ""uniformity"": -1.4031239414215089, ""effective_rank"": 5.34698091506958, ""weight_entropy_ratio"": 0.7302443250332624}, ""Voice_Quality"": {""alignment"": 0.8815508580207825, ""uniformity"": -0.35667401790618897, ""effective_rank"": 3.2749722671508787, ""weight_entropy_ratio"": 0.8690701722716021}, ""Scene"": {""alignment"": 0.7033843994140625, ""uniformity"": -1.1919660353660584, ""effective_rank"": 5.01298620223999, ""weight_entropy_ratio"": 0.745464838167603}}",-0.35667401790618897,0.6815817141532898,3.2749722671508787,-0.35667401790618897,-0.8789114358425141,0.7749706016106096,"[-0.05667401790618898, -0.7749722671508787]",COMPLETE
3,0.9133506817817688,2026-07-30 20:07:56.883091,2026-07-30 20:26:36.722048,0 days 00:18:39.838957,1.3494749682376503,1.1663618432936917,1.139493860652042,2.5401499210280454,3.0842892970704363,0.46034776771000996,1.490437731742859,2.8383082923889162,"{""Prosody"": {""alignment"": 0.9988360285758973, ""uniformity"": -0.004780729245394469, ""effective_rank"": 1.4959993934631348, ""weight_entropy_ratio"": 0.7407875388610127}, ""Vocal_Tract"": {""alignment"": 0.9987736988067627, ""uniformity"": -0.0049812766164541245, ""effective_rank"": 1.5038462686538696, ""weight_entropy_ratio"": 0.9133438694860732}, ""Timbre"": {""alignment"": 0.7926467537879944, ""uniformity"": -0.9728508639335632, ""effective_rank"": 4.947641735076904, ""weight_entropy_ratio"": 0.7279923572519768}, ""Voice_Quality"": {""alignment"": 0.9988595151901245, ""uniformity"": -0.004632325330749154, ""effective_rank"": 1.490437731742859, ""weight_entropy_ratio"": 0.8685976020775072}, ""Scene"": {""alignment"": 0.7776374125480652, ""uniformity"": -0.9581482291221619, ""effective_rank"": 4.7536163330078125, ""weight_entropy_ratio"": 0.7102260308210013}}",-0.004632325330749154,0.7776374125480652,1.490437731742859,-0.004632325330749154,-0.38907868484966457,0.7921894796995143,"[0.3452192707546055, 1.009562268257141]",COMPLETE
4,0.9011902246475221,2026-07-30 20:26:40.964664,2026-07-30 20:45:23.051868,0 days 00:18:42.087204,1.9422111536716165,0.8464504127199978,1.5142344384136117,1.8394454296692115,3.684829137724085,0.4832664850061841,1.9818056726455688,3.0618100318908694,"{""Prosody"": {""alignment"": 0.9907140612602234, ""uniformity"": -0.03660395335406065, ""effective_rank"": 2.0501905918121337, ""weight_entropy_ratio"": 0.8404307216090398}, ""Vocal_Tract"": {""alignment"": 0.9915419697761536, ""uniformity"": -0.03278939723968506, ""effective_rank"": 1.9818056726455688, ""weight_entropy_ratio"": 0.839414756574829}, ""Timbre"": {""alignment"": 0.7562187027931213, ""uniformity"": -1.0916340517997742, ""effective_rank"": 4.570102310180664, ""weight_entropy_ratio"": 0.8336039038482501}, ""Voice_Quality"": {""alignment"": 0.990469753742218, ""uniformity"": -0.036682195775210855, ""effective_rank"": 2.027311806678772, ""weight_entropy_ratio"": 0.9010130543908559}, ""Scene"": {""alignment"": 0.7770066356658936, ""uniformity"": -1.129491801261902, ""effective_rank"": 4.679639778137207, ""weight_entropy_ratio"": 0.5630866950663567}}",-0.03278939723968506,0.7562187027931213,1.9818056726455688,-0.03278939723968506,-0.4654402798861266,0.7955098262978663,"[0.31339604664593934, 0.5181943273544312]",COMPLETE
5,0.9245270695686341,2026-07-30 20:45:30.466241,2026-07-30 21:04:10.163707,0 days 00:18:39.697466,1.2046289484247499,1.608397348116461,1.9488855372533331,1.610587708074975,4.431264066149119,0.6271676093063665,1.5581929445266725,2.33655913066864,"{""Prosody"": {""alignment"": 0.9938884806632996, ""uniformity"": -0.02435757976025343, ""effective_rank"": 1.5581929445266725, ""weight_entropy_ratio"": 0.6890708409486395}, ""Vocal_Tract"": {""alignment"": 0.9927430176734924, ""uniformity"": -0.027717998437583446, ""effective_rank"": 1.5916823577880859, ""weight_entropy_ratio"": 0.7925392221091094}, ""Timbre"": {""alignment"": 0.8201761627197266, ""uniformity"": -0.5656374216079711, ""effective_rank"": 3.47182635307312, ""weight_entropy_ratio"": 0.9180064095339848}, ""Voice_Quality"": {""alignment"": 0.9931372022628784, ""uniformity"": -0.026253759562969207, ""effective_rank"": 1.5772672271728516, ""weight_entropy_ratio"": 0.9312551874492037}, ""Scene"": {""alignment"": 0.8226904845237732, ""uniformity"": -0.6217543303966522, ""effective_rank"": 3.483826770782471, ""weight_entropy_ratio"": 0.8258403427322811}}",-0.02435757976025343,0.8201761627197266,1.5581929445266725,-0.02435757976025343,-0.2531442179530859,0.8313424005546436,"[0.32564242023974654, 0.9418070554733275]",COMPLETE
6,0.9546724662780761,2026-07-30 21:04:14.670078,2026-07-30 21:22:30.750034,0 days 00:18:16.079956,1.1172065368076607,1.2951769101112702,1.4401524937396013,2.6631961450706667,2.7440764696895577,0.33938308071470213,1.5906083297729492,2.431605968475342,"{""Prosody"": {""alignment"": 0.9966376304626465, ""uniformity"": -0.01348547950387001, ""effective_rank"": 1.6165282249450683, ""weight_entropy_ratio"": 0.6617492641049997}, ""Vocal_Tract"": {""alignment"": 0.9967906832695007, ""uniformity"": -0.012534159906208516, ""effective_rank"": 1.5906083297729492, ""weight_entropy_ratio"": 0.9241887458039816}, ""Timbre"": {""alignment"": 0.8923555064201355, ""uniformity"": -0.49914844155311583, ""effective_rank"": 3.6819775676727295, ""weight_entropy_ratio"": 0.8251557175310458}, ""Voice_Quality"": {""alignment"": 0.996686372756958, ""uniformity"": -0.013038636278361082, ""effective_rank"": 1.6017374897003174, ""weight_entropy_ratio"": 0.8505527303171525}, ""Scene"": {""alignment"": 0.8908921384811401, ""uniformity"": -0.5286416125297546, ""effective_rank"": 3.6671782302856446, ""weight_entropy_ratio"": 0.7489373358736238}}",-0.012534159906208516,0.8908921384811401,1.5906083297729492,-0.012534159906208516,-0.21336966595426204,0.8021167587261607,"[0.33651452049612995, 0.9093916702270508]",COMPLETE
7,0.9913117346763611,2026-07-30 21:22:35.188530,2026-07-30 21:41:09.454339,0 days 00:18:34.265809,2.0911844824945387,1.3200680211778109,1.662522284353982,1.9399259687200288,3.123422152178822,0.08266909505945748,1.619506335258484,1.8662486181259157,"{""Prosody"": {""alignment"": 0.9967825055122376, ""uniformity"": -0.013007386662065983, ""effective_rank"": 1.6229805278778076, ""weight_entropy_ratio"": 0.8642251026393624}, ""Vocal_Tract"": {""alignment"": 0.996796658039093, ""uniformity"": -0.013102226257324219, ""effective_rank"": 1.6201265716552735, ""weight_entropy_ratio"": 0.8603934200048831}, ""Timbre"": {""alignment"": 0.9834785437583924, ""uniformity"": -0.1368327847123146, ""effective_rank"": 2.189383068084717, ""weight_entropy_ratio"": 0.8691289077681253}, ""Voice_Quality"": {""alignment"": 0.9967645502090454, ""uniformity"": -0.013049248419702054, ""effective_rank"": 1.619506335258484, ""weight_entropy_ratio"": 0.8715422859512094}, ""Scene"": {""alignment"": 0.9827364158630371, ""uniformity"": -0.18284594416618347, ""effective_rank"": 2.279246587753296, ""weight_entropy_ratio"": 0.7527596869368799}}",-0.013007386662065983,0.9827364158630371,1.619506335258484,-0.013007386662065983,-0.07176751804351807,0.843609880660092,"[0.336992613337934, 0.880493664741516]",COMPLETE
8,0.8801121153831482,2026-07-30 21:41:13.955198,2026-07-30 21:59:47.861415,0 days 00:18:33.906217,1.2218253466306326,1.6948273504276488,1.7751328233611146,3.14829386719975,4.3789978831283785,0.5693747653761156,2.4842562103271484,3.745680932998657,"{""Prosody"": {""alignment"": 0.9378419137001037, ""uniformity"": -0.3413981440663338, ""effective_rank"": 2.899020233154297, ""weight_entropy_ratio"": 0.6923045250102553}, ""Vocal_Tract"": {""alignment"": 0.9705952405929565, ""uniformity"": -0.10462241560220718, ""effective_rank"": 2.4842562103271484, ""weight_entropy_ratio"": 0.9483180690128554}, ""Timbre"": {""alignment"": 0.7327121925354004, ""uniformity"": -0.9146821594238281, ""effective_rank"": 5.613129062652588, ""weight_entropy_ratio"": 0.8961029975237005}, ""Voice_Quality"": {""alignment"": 0.9716934967041015, ""uniformity"": -0.10051767855882644, ""effective_rank"": 2.490124349594116, ""weight_entropy_ratio"": 0.9320655195492173}, ""Scene"": {""alignment"": 0.7877177333831787, ""uniformity"": -0.7541611957550048, ""effective_rank"": 5.241874809265137, ""weight_entropy_ratio"": 0.8491872894239009}}",-0.10051767855882644,0.7327121925354004,2.4842562103271484,-0.10051767855882644,-0.44307631868124014,0.8635956801039859,"[0.19948232144117356, 0.015743789672851616]",COMPLETE
9,0.8881147217750549,2026-07-30 21:59:52.467613,2026-07-30 22:18:30.409106,0 days 00:18:37.941493,2.10624908202774,1.1253303307632643,1.1959828624191453,1.6504372534882632,2.590454577821076,0.6180049798705309,1.9981165409088135,3.1414286537170413,"{""Prosody"": {""alignment"": 0.9775357508659362, ""uniformity"": -0.08405407719314098, ""effective_rank"": 2.0594932556152346, ""weight_entropy_ratio"": 0.8632862807422947}, ""Vocal_Tract"": {""alignment"": 0.9775732612609863, ""uniformity"": -0.07717288520187139, ""effective_rank"": 2.015261354446411, ""weight_entropy_ratio"": 0.8013570528169427}, ""Timbre"": {""alignment"": 0.7600118589401245, ""uniformity"": -1.0003485822677611, ""effective_rank"": 4.885293827056885, ""weight_entropy_ratio"": 0.738380235176315}, ""Voice_Quality"": {""alignment"": 0.9780241394042969, ""uniformity"": -0.07442508410662413, ""effective_rank"": 1.9981165409088135, ""weight_entropy_ratio"": 0.8346744449933895}, ""Scene"": {""alignment"": 0.7474285984039306, ""uniformity"": -0.9779083800315856, ""effective_rank"": 4.7489782905578615, ""weight_entropy_ratio"": 0.6837877744325602}}",-0.07442508410662413,0.7474285984039306,1.9981165409088135,-0.07442508410662413,-0.44278180176019666,0.7842971576323002,"[0.265945922806859, 0.5018834590911865]",COMPLETE
10,0.8541941390037536,2026-07-30 22:18:38.059719,2026-07-30 22:37:37.813602,0 days 00:18:59.753883,1.5679927857456024,1.4902470735691453,1.0179618756148197,2.1268389136258654,3.711743446866009,0.9790962703771402,2.014015417098999,3.088982236862183,"{""Prosody"": {""alignment"": 0.9782385230064392, ""uniformity"": -0.0767068662494421, ""effective_rank"": 2.045275492668152, ""weight_entropy_ratio"": 0.7774230665091918}, ""Vocal_Tract"": {""alignment"": 0.9788517165184021, ""uniformity"": -0.07271811157464982, ""effective_rank"": 2.014015417098999, ""weight_entropy_ratio"": 0.8809075949247509}, ""Timbre"": {""alignment"": 0.697262032032013, ""uniformity"": -1.3719286298751832, ""effective_rank"": 4.84038537979126, ""weight_entropy_ratio"": 0.6683981144852511}, ""Voice_Quality"": {""alignment"": 0.977129111289978, ""uniformity"": -0.07732026040554046, ""effective_rank"": 2.050954346656799, ""weight_entropy_ratio"": 0.9029364030883484}, ""Scene"": {""alignment"": 0.639489312171936, ""uniformity"": -1.1769220972061156, ""effective_rank"": 4.494280548095703, ""weight_entropy_ratio"": 0.8079985488878556}}",-0.07271811157464982,0.639489312171936,2.014015417098999,-0.07271811157464982,-0.5551191930621863,0.8075327455790794,"[0.27329313375055786, 0.485984582901001]",COMPLETE
11,0.8436894216537476,2026-07-30 22:37:42.000000,2026-07-30 22:56:13.643151,0 days 00:18:31.643151,1.4293768489968608,1.745809719973713,1.9109525469542512,3.1098351898632544,4.484777718183798,0.8728691152347403,2.4439807176589965,3.476942706108094,"{""Prosody"": {""alignment"": 0.971758668422699, ""uniformity"": -0.10996941998600959, ""effective_rank"": 2.5773378372192384, ""weight_entropy_ratio"": 0.7575488799308744}, ""Vocal_Tract"": {""alignment"": 0.9756803727149963, ""uniformity"": -0.09104457676410675, ""effective_rank"": 2.4740753078460695, ""weight_entropy_ratio"": 0.9397038663555154}, ""Timbre"": {""alignment"": 0.6274763631820679, ""uniformity"": -1.200184202194214, ""effective_rank"": 5.070217933654785, ""weight_entropy_ratio"": 0.9147628046356715}, ""Voice_Quality"": {""alignment"": 0.9770267868041992, ""uniformity"": -0.08563362628221512, ""effective_rank"": 2.4439807176589965, ""weight_entropy_ratio"": 0.9294799377385163}, ""Scene"": {""alignment"": 0.6665049171447754, ""uniformity"": -1.1284655570983886, ""effective_rank"": 4.819101734161377, ""weight_entropy_ratio"": 0.8491976706242503}}",-0.08563362628221512,0.6274763631820679,2.4439807176589965,-0.08563362628221512,-0.5230594764649868,0.8781386318569656,"[0.24003058001399039, 0.05601928234100351]",COMPLETE
12,0.8349948887825012,2026-07-30 22:56:18.004614,2026-07-30 23:15:10.440694,0 days 00:18:52.436080,1.061669801044995,1.5125460088270142,1.3386074521132707,3.1285594973429944,4.023561065549591,0.8083581207376613,2.8157270050048826,3.495757656097412,"{""Prosody"": {""alignment"": 0.9129776620864868, ""uniformity"": -0.3583250415325165, ""effective_rank"": 3.0615702724456786, ""weight_entropy_ratio"": 0.6376848866983127}, ""Vocal_Tract"": {""alignment"": 0.929859745502472, ""uniformity"": -0.21825095027685165, ""effective_rank"": 2.8241449546813966, ""weight_entropy_ratio"": 0.9436701754345281}, ""Timbre"": {""alignment"": 0.7080183815956116, ""uniformity"": -1.107695906162262, ""effective_rank"": 4.4396577739715575, ""weight_entropy_ratio"": 0.7928240260823362}, ""Voice_Quality"": {""alignment"": 0.9311734676361084, ""uniformity"": -0.21147970199584962, ""effective_rank"": 2.8157270050048826, ""weight_entropy_ratio"": 0.9178448863430911}, ""Scene"": {""alignment"": 0.6929451870918274, ""uniformity"": -1.058363037109375, ""effective_rank"": 4.337688274383545, ""weight_entropy_ratio"": 0.8070165632947888}}",-0.21147970199584962,0.6929451870918274,2.8157270050048826,-0.21147970199584962,-0.590822927415371,0.8198081075706114,"[0.08852029800415037, -0.3157270050048826]",COMPLETE
13,0.8359292159080506,2026-07-30 23:15:15.272414,2026-07-30 23:34:00.186471,0 days 00:18:44.914057,1.0049017475318431,1.4711878768997402,1.3251425339323704,2.222839994311344,4.02119207052895,0.8029600155992113,2.711239995956421,3.727110706329346,"{""Prosody"": {""alignment"": 0.9122127175331116, ""uniformity"": -0.3771041667461395, ""effective_rank"": 3.1736031913757325, ""weight_entropy_ratio"": 0.6142356241850658}, ""Vocal_Tract"": {""alignment"": 0.9483714151382446, ""uniformity"": -0.17037225276231766, ""effective_rank"": 2.7156323528289796, ""weight_entropy_ratio"": 0.8921863939081799}, ""Timbre"": {""alignment"": 0.6634138584136963, ""uniformity"": -1.22159583568573, ""effective_rank"": 5.0340898323059085, ""weight_entropy_ratio"": 0.7969454362792986}, ""Voice_Quality"": {""alignment"": 0.9474158883094788, ""uniformity"": -0.1683012640476227, ""effective_rank"": 2.711239995956421, ""weight_entropy_ratio"": 0.919550089422329}, ""Scene"": {""alignment"": 0.7082322001457214, ""uniformity"": -1.0793206787109375, ""effective_rank"": 5.000988159179688, ""weight_entropy_ratio"": 0.793632567367744}}",-0.1683012640476227,0.6634138584136963,2.711239995956421,-0.1683012640476227,-0.6033388395905495,0.8033100222325235,"[0.1316987359523773, -0.21123999595642085]",COMPLETE
14,0.9086610155105592,2026-07-30 23:34:05.722129,2026-07-30 23:52:48.199937,0 days 00:18:42.477808,1.7666453441665955,1.447150118616501,1.3427992882663162,2.8954957895969473,3.37776986645623,0.7645176557183964,1.8682754516601563,2.485855972290039,"{""Prosody"": {""alignment"": 0.9852434301376343, ""uniformity"": -0.05547225654125214, ""effective_rank"": 1.8682754516601563, ""weight_entropy_ratio"": 0.8102778852882443}, ""Vocal_Tract"": {""alignment"": 0.9849927353858948, ""uniformity"": -0.05668956883251667, ""effective_rank"": 1.8755760526657104, ""weight_entropy_ratio"": 0.9380118549967219}, ""Timbre"": {""alignment"": 0.8027172493934631, ""uniformity"": -0.610565230846405, ""effective_rank"": 3.3839447689056397, ""weight_entropy_ratio"": 0.7891766684504269}, ""Voice_Quality"": {""alignment"": 0.9847873258590698, ""uniformity"": -0.057496605813503264, ""effective_rank"": 1.8823479795455933, ""weight_entropy_ratio"": 0.8845127671334211}, ""Scene"": {""alignment"": 0.7855643367767334, ""uniformity"": -0.636519935131073, ""effective_rank"": 3.4191356086730957, ""weight_entropy_ratio"": 0.7923083796613362}}",-0.05547225654125214,0.7855643367767334,1.8682754516601563,-0.05547225654125214,-0.28334871943295,0.8428575111060301,"[0.2945277434587478, 0.6317245483398437]",COMPLETE
15,0.8619762287139892,2026-07-30 23:52:54.838307,2026-07-31 00:11:33.732004,0 days 00:18:38.893697,1.0033730849188507,1.3270191622939356,1.2395229670405228,2.3444952563097425,4.013535311487374,0.9993943167094739,1.9644501686096192,3.136564751625061,"{""Prosody"": {""alignment"": 0.9793922472000122, ""uniformity"": -0.08142016470432281, ""effective_rank"": 2.2022409868240356, ""weight_entropy_ratio"": 0.6147109450519804}, ""Vocal_Tract"": {""alignment"": 0.984963960647583, ""uniformity"": -0.05633798711001873, ""effective_rank"": 2.002823705673218, ""weight_entropy_ratio"": 0.8980734091973231}, ""Timbre"": {""alignment"": 0.671105079650879, ""uniformity"": -1.2872761249542237, ""effective_rank"": 4.8933673667907716, ""weight_entropy_ratio"": 0.7624866391807806}, ""Voice_Quality"": {""alignment"": 0.9861364603042603, ""uniformity"": -0.052084562554955485, ""effective_rank"": 1.9644501686096192, ""weight_entropy_ratio"": 0.9205794832642644}, ""Scene"": {""alignment"": 0.6882833957672119, ""uniformity"": -1.1307563185691833, ""effective_rank"": 4.619941530227661, ""weight_entropy_ratio"": 0.7688151270993352}}",-0.052084562554955485,0.671105079650879,1.9644501686096192,-0.052084562554955485,-0.5215750315785408,0.7929331207587369,"[0.2685798352956772, 0.5355498313903808]",COMPLETE
16,0.8471081495285033,2026-07-31 00:11:38.259481,2026-07-31 00:30:16.966021,0 days 00:18:38.706540,1.3897589353643387,1.551613424815789,1.007301970028838,2.049155464033814,3.3268281993854254,0.7131005286252419,2.796459226608276,4.149678258895874,"{""Prosody"": {""alignment"": 0.9580449485778808, ""uniformity"": -0.1614801010489464, ""effective_rank"": 2.8262657070159913, ""weight_entropy_ratio"": 0.7328020571448437}, ""Vocal_Tract"": {""alignment"": 0.9568072772026062, ""uniformity"": -0.15587144255638122, ""effective_rank"": 2.796459226608276, ""weight_entropy_ratio"": 0.8730145979644233}, ""Timbre"": {""alignment"": 0.691575243473053, ""uniformity"": -1.409214859008789, ""effective_rank"": 6.355003719329834, ""weight_entropy_ratio"": 0.6558313952439082}, ""Voice_Quality"": {""alignment"": 0.9561279368400574, ""uniformity"": -0.15839613735675812, ""effective_rank"": 2.8038774967193603, ""weight_entropy_ratio"": 0.8899657676843136}, ""Scene"": {""alignment"": 0.6729853415489196, ""uniformity"": -1.1545373249053954, ""effective_rank"": 5.966785144805908, ""weight_entropy_ratio"": 0.8166825012420896}}",-0.15587144255638122,0.6729853415489196,2.796459226608276,-0.15587144255638122,-0.607899972975254,0.7936592638559155,"[0.1885198989510536, -0.29645922660827617]",COMPLETE
17,0.7935379366874694,2026-07-31 00:30:21.615888,2026-07-31 00:48:58.075562,0 days 00:18:36.459674,1.5772493795278628,1.1920222389110937,1.3935750000750344,1.7471633567077798,4.073255743539997,0.8602250184695637,2.9214660930633545,4.268281068801881,"{""Prosody"": {""alignment"": 0.708721570968628, ""uniformity"": -1.0780587601661682, ""effective_rank"": 4.824402408599854, ""weight_entropy_ratio"": 0.7824738266210849}, ""Vocal_Tract"": {""alignment"": 0.9510733079910278, ""uniformity"": -0.1666027957201004, ""effective_rank"": 2.984221935272217, ""weight_entropy_ratio"": 0.8263573219060532}, ""Timbre"": {""alignment"": 0.656075599193573, ""uniformity"": -1.2845952415466309, ""effective_rank"": 5.450476741790771, ""weight_entropy_ratio"": 0.8109443238234125}, ""Voice_Quality"": {""alignment"": 0.9558346557617188, ""uniformity"": -0.15184539824724197, ""effective_rank"": 2.9214660930633545, ""weight_entropy_ratio"": 0.9156194539226994}, ""Scene"": {""alignment"": 0.6959845495223999, ""uniformity"": -1.1944694375991822, ""effective_rank"": 5.160838165283203, ""weight_entropy_ratio"": 0.7256566101915066}}",-0.15184539824724197,0.656075599193573,2.9214660930633545,-0.15184539824724197,-0.7751143266558647,0.8122103072929514,"[0.14815460175275802, -0.4214660930633545]",COMPLETE
18,0.8180419192314148,2026-07-31 00:49:03.337407,2026-07-31 01:07:43.956825,0 days 00:18:40.619418,1.2328878512579167,1.3825108822440335,1.1292293114519707,2.31593555892825,3.718519912421025,0.6949291710867231,2.715141563415527,4.43428457069397,"{""Prosody"": {""alignment"": 0.7878711700439454, ""uniformity"": -0.9208242106437683, ""effective_rank"": 4.646805543899536, ""weight_entropy_ratio"": 0.6973429749980976}, ""Vocal_Tract"": {""alignment"": 0.9429588747024537, ""uniformity"": -0.19127894684672356, ""effective_rank"": 2.95221040725708, ""weight_entropy_ratio"": 0.8949101745853527}, ""Timbre"": {""alignment"": 0.6834920430183411, ""uniformity"": -1.3560705995559692, ""effective_rank"": 6.340721569061279, ""weight_entropy_ratio"": 0.7203765245300733}, ""Voice_Quality"": {""alignment"": 0.9547374415397644, ""uniformity"": -0.15051389791071415, ""effective_rank"": 2.715141563415527, ""weight_entropy_ratio"": 0.9007406986507754}, ""Scene"": {""alignment"": 0.7211500668525695, ""uniformity"": -1.008563344478607, ""effective_rank"": 5.516543769836426, ""weight_entropy_ratio"": 0.7777727518336941}}",-0.15051389791071415,0.6834920430183411,2.715141563415527,-0.15051389791071415,-0.7254501998871564,0.7982286249195986,"[0.14948610208928584, -0.21514156341552715]",COMPLETE
19,0.7829539709091187,2026-07-31 01:07:48.584629,2026-07-31 01:26:26.840879,0 days 00:18:38.256250,1.7235145083496703,1.055024430076762,1.2718825969676182,1.5120113781766908,3.010114138427792,0.8953033068894003,2.9402940177917483,4.449287220001221,"{""Prosody"": {""alignment"": 0.6388488817214966, ""uniformity"": -1.281796760559082, ""effective_rank"": 5.316583614349366, ""weight_entropy_ratio"": 0.8083216781350997}, ""Vocal_Tract"": {""alignment"": 0.9351474261283874, ""uniformity"": -0.22101406902074813, ""effective_rank"": 3.3998486518859865, ""weight_entropy_ratio"": 0.7819821789572569}, ""Timbre"": {""alignment"": 0.6648290610313415, ""uniformity"": -1.42653169631958, ""effective_rank"": 5.5773764419555665, ""weight_entropy_ratio"": 0.7741663320395272}, ""Voice_Quality"": {""alignment"": 0.9625877857208252, ""uniformity"": -0.13256303519010543, ""effective_rank"": 2.9402940177917483, ""weight_entropy_ratio"": 0.8604853615316154}, ""Scene"": {""alignment"": 0.7133566999435424, ""uniformity"": -1.2911648011207582, ""effective_rank"": 5.012333374023438, ""weight_entropy_ratio"": 0.6617553984506607}}",-0.13256303519010543,0.6388488817214966,2.9402940177917483,-0.13256303519010543,-0.8706140724420547,0.777342189822832,"[0.16743696480989456, -0.44029401779174826]",COMPLETE
20,0.95205676984787,2026-07-31 01:26:32.100238,2026-07-31 01:45:22.163800,0 days 00:18:50.063562,1.152788899605537,1.60821276014835,1.4914375562820483,2.9272940676771437,3.512639641637549,0.3442157407308804,1.9571319007873536,2.7364658098220827,"{""Prosody"": {""alignment"": 0.9949683856964111, ""uniformity"": -0.02098634548485279, ""effective_rank"": 1.9630708074569703, ""weight_entropy_ratio"": 0.6727031867611255}, ""Vocal_Tract"": {""alignment"": 0.9944343614578247, ""uniformity"": -0.021630169562995433, ""effective_rank"": 1.9788390827178954, ""weight_entropy_ratio"": 0.9387529414980403}, ""Timbre"": {""alignment"": 0.8928685450553894, ""uniformity"": -0.5035035598278046, ""effective_rank"": 3.9164670658111573, ""weight_entropy_ratio"": 0.8381660270745986}, ""Voice_Quality"": {""alignment"": 0.9947767543792725, ""uniformity"": -0.020437468625605106, ""effective_rank"": 1.9571319007873536, ""weight_entropy_ratio"": 0.8963543261539816}, ""Scene"": {""alignment"": 0.8832358026504517, ""uniformity"": -0.5305537712574006, ""effective_rank"": 3.866820192337036, ""weight_entropy_ratio"": 0.8303835104852639}}",-0.020437468625605106,0.8832358026504517,1.9571319007873536,-0.020437468625605106,-0.2194222629517317,0.835271998394602,"[0.3290136545151472, 0.5428680992126464]",COMPLETE
21,0.8185863308906556,2026-07-31 01:45:28.192300,2026-07-31 02:03:52.886780,0 days 00:18:24.694480,1.0055407993895245,1.4370350097569609,1.3203397352579167,2.146310634856388,4.084025777653229,0.7791152390327176,2.9372927856445314,3.9135235176086427,"{""Prosody"": {""alignment"": 0.8989029479026794, ""uniformity"": -0.5154072704911232, ""effective_rank"": 3.199256706237793, ""weight_entropy_ratio"": 0.6162353426087662}, ""Vocal_Tract"": {""alignment"": 0.8924860978126525, ""uniformity"": -0.3080155926942825, ""effective_rank"": 2.9891516304016115, ""weight_entropy_ratio"": 0.874826020749056}, ""Timbre"": {""alignment"": 0.702235860824585, ""uniformity"": -1.1666128730773926, ""effective_rank"": 5.4039039802551265, ""weight_entropy_ratio"": 0.7858122019807713}, ""Voice_Quality"": {""alignment"": 0.9012033081054688, ""uniformity"": -0.2720588222146034, ""effective_rank"": 2.9372927856445314, ""weight_entropy_ratio"": 0.9156713484153556}, ""Scene"": {""alignment"": 0.6981034398078918, ""uniformity"": -1.0757124996185303, ""effective_rank"": 5.038012485504151, ""weight_entropy_ratio"": 0.7834498528066781}}",-0.2720588222146034,0.6981034398078918,2.9372927856445314,-0.2720588222146034,-0.6675614116191864,0.7951989533121255,"[0.027941177785396565, -0.43729278564453145]",COMPLETE
22,0.795240638256073,2026-07-31 02:03:58.611132,2026-07-31 02:22:32.304769,0 days 00:18:33.693637,1.0848268026913725,1.2261586075219209,1.1246139082696,1.904084879023866,4.202556211708737,0.7733325823772702,2.689584074020386,4.500413780212402,"{""Prosody"": {""alignment"": 0.704102852344513, ""uniformity"": -1.3236971092224121, ""effective_rank"": 5.487831726074218, ""weight_entropy_ratio"": 0.6370488344659857}, ""Vocal_Tract"": {""alignment"": 0.9633483982086182, ""uniformity"": -0.13466565668582917, ""effective_rank"": 2.794333257675171, ""weight_entropy_ratio"": 0.8383844074783156}, ""Timbre"": {""alignment"": 0.6728138422966004, ""uniformity"": -1.4802696323394775, ""effective_rank"": 6.030900287628174, ""weight_entropy_ratio"": 0.7103596513709555}, ""Voice_Quality"": {""alignment"": 0.9681694889068604, ""uniformity"": -0.11870956584811211, ""effective_rank"": 2.689584074020386, ""weight_entropy_ratio"": 0.9247493605464955}, ""Scene"": {""alignment"": 0.6677686095237731, ""uniformity"": -1.3047788429260254, ""effective_rank"": 5.499419555664063, ""weight_entropy_ratio"": 0.7368396098008008}}",-0.11870956584811211,0.6677686095237731,2.689584074020386,-0.11870956584811211,-0.8724241614043713,0.7694763727325105,"[0.1812904341518879, -0.1895840740203858]",COMPLETE
23,0.8658469085693358,2026-07-31 02:22:36.718514,2026-07-31 02:41:18.060107,0 days 00:18:41.341593,1.3275451112970287,1.3950881754710387,1.2840728692830414,2.0075092516719346,4.239290106571859,0.9305007831952441,2.257004919052124,2.9447878055572505,"{""Prosody"": {""alignment"": 0.978252911567688, ""uniformity"": -0.08023966796696186, ""effective_rank"": 2.257004919052124, ""weight_entropy_ratio"": 0.7230723657372142}, ""Vocal_Tract"": {""alignment"": 0.9762417721748352, ""uniformity"": -0.08378352373838424, ""effective_rank"": 2.288329839706421, ""weight_entropy_ratio"": 0.8723630959279397}, ""Timbre"": {""alignment"": 0.703558886051178, ""uniformity"": -0.9700150036811829, ""effective_rank"": 4.012246561050415, ""weight_entropy_ratio"": 0.7831640061097801}, ""Voice_Quality"": {""alignment"": 0.976708996295929, ""uniformity"": -0.0809526888653636, ""effective_rank"": 2.2728687286376954, ""weight_entropy_ratio"": 0.9269309295181377}, ""Scene"": {""alignment"": 0.6944719767570495, ""uniformity"": -0.9638803029060363, ""effective_rank"": 3.8934889793395997, ""weight_entropy_ratio"": 0.780532818373907}}",-0.08023966796696186,0.6944719767570495,2.257004919052124,-0.08023966796696186,-0.4357742374315858,0.8172126431333957,"[0.2697603320330381, 0.24299508094787603]",COMPLETE
24,0.8209075636863709,2026-07-31 02:41:22.611601,2026-07-31 03:00:15.389630,0 days 00:18:52.778029,1.072911284336746,1.540283215626578,1.4054134011375812,2.1700873485788588,3.8398712193726787,0.6923044766747117,2.066455578804016,4.146774336814881,"{""Prosody"": {""alignment"": 0.7507002878189087, ""uniformity"": -1.1467152118682862, ""effective_rank"": 4.977568893432617, ""weight_entropy_ratio"": 0.6440292157301281}, ""Vocal_Tract"": {""alignment"": 0.9868222117424011, ""uniformity"": -0.048269955031573775, ""effective_rank"": 2.246622381210327, ""weight_entropy_ratio"": 0.8907938698212893}, ""Timbre"": {""alignment"": 0.6744791460037232, ""uniformity"": -1.2939090633392334, ""effective_rank"": 5.831218338012695, ""weight_entropy_ratio"": 0.8172355130788931}, ""Voice_Quality"": {""alignment"": 0.9912684965133667, ""uniformity"": -0.03268084287643433, ""effective_rank"": 2.066455578804016, ""weight_entropy_ratio"": 0.9107686826866314}, ""Scene"": {""alignment"": 0.7012676763534545, ""uniformity"": -1.0953485941886902, ""effective_rank"": 5.612006492614746, ""weight_entropy_ratio"": 0.8148547401514523}}",-0.03268084287643433,0.6744791460037232,2.066455578804016,-0.03268084287643433,-0.7233847334608435,0.8155364042936788,"[0.2673191571235657, 0.4335444211959838]",COMPLETE
25,0.8561946654319763,2026-07-31 03:00:21.705535,2026-07-31 03:19:11.268540,0 days 00:18:49.563005,1.4814085026100372,1.6385870667059157,1.2163696164421844,2.4492172159877046,3.858550338732444,0.8272254239290191,2.29509361743927,3.5240379161834716,"{""Prosody"": {""alignment"": 0.974756281375885, ""uniformity"": -0.09051153168082238, ""effective_rank"": 2.412189049720764, ""weight_entropy_ratio"": 0.7646526547664445}, ""Vocal_Tract"": {""alignment"": 0.9800857496261597, ""uniformity"": -0.07244564317166806, ""effective_rank"": 2.29509361743927, ""weight_entropy_ratio"": 0.9148724632575457}, ""Timbre"": {""alignment"": 0.6822894310951233, ""uniformity"": -1.4119114208221435, ""effective_rank"": 5.573901386260986, ""weight_entropy_ratio"": 0.7563335313990407}, ""Voice_Quality"": {""alignment"": 0.9790983915328979, ""uniformity"": -0.07589805774390697, ""effective_rank"": 2.3112996673583983, ""weight_entropy_ratio"": 0.910287819041348}, ""Scene"": {""alignment"": 0.6647434735298157, ""uniformity"": -1.153343846797943, ""effective_rank"": 5.02770586013794, ""weight_entropy_ratio"": 0.8318991335108453}}",-0.07244564317166806,0.6647434735298157,2.29509361743927,-0.07244564317166806,-0.5608221000432968,0.8356091203950449,"[0.2594884683191776, 0.20490638256073002]",COMPLETE
26,0.8596029481887818,2026-07-31 03:19:16.351832,2026-07-31 03:37:46.104656,0 days 00:18:29.752824,1.2944756146135414,1.2702793730780852,1.5376749289413163,1.8110415296967086,3.476614124054047,0.9228149670730403,1.9913450002670288,2.9768134250640865,"{""Prosody"": {""alignment"": 0.9922051501274108, ""uniformity"": -0.03115334818139672, ""effective_rank"": 2.0153467750549314, ""weight_entropy_ratio"": 0.7081053541495916}, ""Vocal_Tract"": {""alignment"": 0.991535279750824, ""uniformity"": -0.032169437408447264, ""effective_rank"": 2.0186373662948607, ""weight_entropy_ratio"": 0.8367105597674065}, ""Timbre"": {""alignment"": 0.6462975025177002, ""uniformity"": -1.1351408505439757, ""effective_rank"": 4.533448896408081, ""weight_entropy_ratio"": 0.8484580710975276}, ""Voice_Quality"": {""alignment"": 0.992422239780426, ""uniformity"": -0.028668094743043184, ""effective_rank"": 1.9913450002670288, ""weight_entropy_ratio"": 0.8951371960148155}, ""Scene"": {""alignment"": 0.6755545687675476, ""uniformity"": -1.1164341497421264, ""effective_rank"": 4.325289087295532, ""weight_entropy_ratio"": 0.7442967344555419}}",-0.028668094743043184,0.6462975025177002,1.9913450002670288,-0.028668094743043184,-0.4687131761237979,0.8065415830969767,"[0.3188466518186033, 0.5086549997329712]",COMPLETE
27,0.8807095203399657,2026-07-31 03:37:50.682138,2026-07-31 03:56:35.111269,0 days 00:18:44.429131,1.0003527104497263,1.3921041330119008,1.0871667908552527,2.2569504961932876,3.263298823195627,0.7431925395212449,1.6033309316635131,2.6197194938659667,"{""Prosody"": {""alignment"": 0.9929101657867432, ""uniformity"": -0.02514751199632883, ""effective_rank"": 1.6320018815994262, ""weight_entropy_ratio"": 0.6168815988014369}, ""Vocal_Tract"": {""alignment"": 0.9939692974090576, ""uniformity"": -0.02217765286564827, ""effective_rank"": 1.6033309316635131, ""weight_entropy_ratio"": 0.8910731402234204}, ""Timbre"": {""alignment"": 0.7106642079353332, ""uniformity"": -1.1170423483848573, ""effective_rank"": 4.276661968231201, ""weight_entropy_ratio"": 0.6898330328215776}, ""Voice_Quality"": {""alignment"": 0.9940883922576904, ""uniformity"": -0.022035736814141272, ""effective_rank"": 1.6037595653533936, ""weight_entropy_ratio"": 0.8836755336834105}, ""Scene"": {""alignment"": 0.7119155383110046, ""uniformity"": -0.9877100253105163, ""effective_rank"": 3.9828431224822998, ""weight_entropy_ratio"": 0.773175028686147}}",-0.022035736814141272,0.7106642079353332,1.6033309316635131,-0.022035736814141272,-0.43482265507429835,0.7709276668431984,"[0.32485248800367117, 0.8966690683364869]",COMPLETE
28,0.8667391023635864,2026-07-31 03:56:39.884705,2026-07-31 04:15:23.818001,0 days 00:18:43.933296,1.1633064813107268,1.5304419954098833,1.3521856265692682,2.080975393742469,4.213183499583422,0.6377030392471483,2.2563812017440794,3.4130664911270143,"{""Prosody"": {""alignment"": 0.9781898045539856, ""uniformity"": -0.09155037701129913, ""effective_rank"": 2.3387769412994386, ""weight_entropy_ratio"": 0.6709474357529129}, ""Vocal_Tract"": {""alignment"": 0.9791906523704529, ""uniformity"": -0.07536842677742243, ""effective_rank"": 2.267114601135254, ""weight_entropy_ratio"": 0.8625431387172707}, ""Timbre"": {""alignment"": 0.6885780119895935, ""uniformity"": -1.3015211749076843, ""effective_rank"": 5.169343452453614, ""weight_entropy_ratio"": 0.8007919265106404}, ""Voice_Quality"": {""alignment"": 0.9794793820381165, ""uniformity"": -0.07358634252101183, ""effective_rank"": 2.2563812017440794, ""weight_entropy_ratio"": 0.9230586658277465}, ""Scene"": {""alignment"": 0.7082576608657837, ""uniformity"": -1.1542409443855286, ""effective_rank"": 5.033716259002685, ""weight_entropy_ratio"": 0.8014965291925483}}",-0.07358634252101183,0.6885780119895935,2.2563812017440794,-0.07358634252101183,-0.5392534531205893,0.8117675392002236,"[0.25844962298870083, 0.2436187982559206]",COMPLETE
29,0.9350243210792543,2026-07-31 04:15:28.481537,2026-07-31 04:34:26.305828,0 days 00:18:57.824291,1.2768290543968295,1.0735722787864483,1.5775914665386952,2.78180781703377,2.8989403819754873,0.5606362149023747,1.9035395765304566,2.3276673583984375,"{""Prosody"": {""alignment"": 0.9827690529823303, ""uniformity"": -0.064951938316226, ""effective_rank"": 1.9653829526901245, ""weight_entropy_ratio"": 0.7162862280105219}, ""Vocal_Tract"": {""alignment"": 0.9833046412467956, ""uniformity"": -0.06238601103425026, ""effective_rank"": 1.949186029434204, ""weight_entropy_ratio"": 0.938718490184153}, ""Timbre"": {""alignment"": 0.8580799269676208, ""uniformity"": -0.4902986252307892, ""effective_rank"": 2.9165418434143064, ""weight_entropy_ratio"": 0.858705602558958}, ""Voice_Quality"": {""alignment"": 0.9838882875442505, ""uniformity"": -0.059182176217436794, ""effective_rank"": 1.9035395765304566, ""weight_entropy_ratio"": 0.8592739145817312}, ""Scene"": {""alignment"": 0.8670796966552734, ""uniformity"": -0.5242181408405304, ""effective_rank"": 2.9036863899230956, ""weight_entropy_ratio"": 0.6764004455110784}}",-0.059182176217436794,0.8580799269676208,1.9035395765304566,-0.059182176217436794,-0.2402073783278465,0.8098769361692885,"[0.28504806168377395, 0.5964604234695434]",COMPLETE
30,0.8745451426506042,2026-07-31 04:34:33.604296,2026-07-31 04:53:20.685045,0 days 00:18:47.080749,1.086269855425461,1.4340129925737215,1.2014224605556751,3.017553486831684,3.8884548504481753,0.8549213936106136,1.5666853523254394,2.7948877315521243,"{""Prosody"": {""alignment"": 0.9947066378593444, ""uniformity"": -0.021115164421498776, ""effective_rank"": 1.6173028564453125, ""weight_entropy_ratio"": 0.6456005818884953}, ""Vocal_Tract"": {""alignment"": 0.9956823205947876, ""uniformity"": -0.01674774184823036, ""effective_rank"": 1.5666853523254394, ""weight_entropy_ratio"": 0.9425612975062796}, ""Timbre"": {""alignment"": 0.6772643685340881, ""uniformity"": -1.2070786571502685, ""effective_rank"": 4.681049690246582, ""weight_entropy_ratio"": 0.7475611523945563}, ""Voice_Quality"": {""alignment"": 0.9949876999855042, ""uniformity"": -0.01953969430178404, ""effective_rank"": 1.6008735179901123, ""weight_entropy_ratio"": 0.913395216145984}, ""Scene"": {""alignment"": 0.7100846862792969, ""uniformity"": -1.061127607822418, ""effective_rank"": 4.508527240753174, ""weight_entropy_ratio"": 0.7890921364766715}}",-0.01674774184823036,0.6772643685340881,1.5666853523254394,-0.01674774184823036,-0.46512177310884,0.8076420768823973,"[0.3288848355785012, 0.9333146476745606]",COMPLETE
31,0.7915530815124512,2026-07-31 04:53:25.389526,2026-07-31 05:12:04.360305,0 days 00:18:38.970779,1.0034011795003883,1.4816625321127213,1.3299757983832845,2.233079375235032,4.008755509048106,0.801445182621002,3.041067051887512,4.198611874580384,"{""Prosody"": {""alignment"": 0.7642571377754211, ""uniformity"": -1.0232862651348114, ""effective_rank"": 4.824095849990845, ""weight_entropy_ratio"": 0.6143761709061621}, ""Vocal_Tract"": {""alignment"": 0.9136285805702209, ""uniformity"": -0.2565200342983007, ""effective_rank"": 3.1153679943084716, ""weight_entropy_ratio"": 0.8852948421124832}, ""Timbre"": {""alignment"": 0.6594588160514832, ""uniformity"": -1.3161071586608886, ""effective_rank"": 5.209237098693848, ""weight_entropy_ratio"": 0.7929247306311816}, ""Voice_Quality"": {""alignment"": 0.9203598737716675, ""uniformity"": -0.2338817299157381, ""effective_rank"": 3.041067051887512, ""weight_entropy_ratio"": 0.9130257190717237}, ""Scene"": {""alignment"": 0.7000609993934631, ""uniformity"": -1.063248999118805, ""effective_rank"": 4.80329137802124, ""weight_entropy_ratio"": 0.8017142673889712}}",-0.2338817299157381,0.6594588160514832,3.041067051887512,-0.2338817299157381,-0.7786088374257087,0.8014671460221042,"[0.06611827008426188, -0.541067051887512]",COMPLETE
32,0.9688438591957091,2026-07-31 05:12:08.998063,2026-07-31 05:30:57.090406,0 days 00:18:48.092343,1.0923352456071753,1.351480720396923,1.4569386836725422,2.4654488057396797,3.5826868650247565,0.2133621970740382,1.5378392505645753,2.266846479415894,"{""Prosody"": {""alignment"": 0.9962690877914429, ""uniformity"": -0.015002313144505024, ""effective_rank"": 1.5490957069396973, ""weight_entropy_ratio"": 0.6533274267014099}, ""Vocal_Tract"": {""alignment"": 0.9960699486732483, ""uniformity"": -0.015557623729109763, ""effective_rank"": 1.5604160594940186, ""weight_entropy_ratio"": 0.9101286437050792}, ""Timbre"": {""alignment"": 0.9317734456062317, ""uniformity"": -0.40165221095085146, ""effective_rank"": 3.292940254211426, ""weight_entropy_ratio"": 0.8257186363936374}, ""Voice_Quality"": {""alignment"": 0.9963474798202515, ""uniformity"": -0.014432304166257381, ""effective_rank"": 1.5378392505645753, ""weight_entropy_ratio"": 0.8986669652609466}, ""Scene"": {""alignment"": 0.9237593340873719, ""uniformity"": -0.46116771578788757, ""effective_rank"": 3.393941125869751, ""weight_entropy_ratio"": 0.7677301673646194}}",-0.014432304166257381,0.9237593340873719,1.5378392505645753,-0.014432304166257381,-0.18156243355572227,0.8111143678851385,"[0.33499768685549497, 0.9621607494354247]",COMPLETE
33,0.8453217220306396,2026-07-31 05:31:01.675088,2026-07-31 05:49:44.477974,0 days 00:18:42.802886,1.1767294058568072,1.5077088712166824,1.2927135841069046,2.6438189449206724,4.307713415846858,0.8097894849656839,2.621002407073975,3.5569023036956793,"{""Prosody"": {""alignment"": 0.9416978359222412, ""uniformity"": -0.24413637518882753, ""effective_rank"": 2.873677978515625, ""weight_entropy_ratio"": 0.6856209931342906}, ""Vocal_Tract"": {""alignment"": 0.9491251420974731, ""uniformity"": -0.17379085436463357, ""effective_rank"": 2.639996576309204, ""weight_entropy_ratio"": 0.9155068927079999}, ""Timbre"": {""alignment"": 0.6843543839454651, ""uniformity"": -1.301488676071167, ""effective_rank"": 4.998495635986328, ""weight_entropy_ratio"": 0.7719314667679086}, ""Voice_Quality"": {""alignment"": 0.950040864944458, ""uniformity"": -0.16948952347040178, ""effective_rank"": 2.621002407073975, ""weight_entropy_ratio"": 0.926471175848111}, ""Scene"": {""alignment"": 0.7013903832435608, ""uniformity"": -1.0785052156448365, ""effective_rank"": 4.651338920593262, ""weight_entropy_ratio"": 0.8013078629607407}}",-0.16948952347040178,0.6843543839454651,2.621002407073975,-0.16948952347040178,-0.5934821289479733,0.8201676782838102,"[0.1305104765295982, -0.1210024070739748]",COMPLETE
34,0.8510208849906923,2026-07-31 05:49:50.721674,2026-07-31 06:08:36.987006,0 days 00:18:46.265332,1.0499574362813073,1.659128243489578,1.3820321503357362,2.3944785490365255,4.127856524851036,0.9290779193843195,2.377411975860596,3.170219223022461,"{""Prosody"": {""alignment"": 0.973507993221283, ""uniformity"": -0.09896042734384537, ""effective_rank"": 2.4352526092529296, ""weight_entropy_ratio"": 0.634991800767628}, ""Vocal_Tract"": {""alignment"": 0.9762746381759644, ""uniformity"": -0.08793290957808494, ""effective_rank"": 2.377411975860596, ""weight_entropy_ratio"": 0.901267792013979}, ""Timbre"": {""alignment"": 0.6633581995964051, ""uniformity"": -1.2725949430465697, ""effective_rank"": 4.508362464904785, ""weight_entropy_ratio"": 0.8148783591086114}, ""Voice_Quality"": {""alignment"": 0.97538236618042, ""uniformity"": -0.08898507207632064, ""effective_rank"": 2.3931759929656984, ""weight_entropy_ratio"": 0.9214763361090098}, ""Scene"": {""alignment"": 0.6665812277793884, ""uniformity"": -1.0672727751731872, ""effective_rank"": 4.136893072128296, ""weight_entropy_ratio"": 0.8518732972634382}}",-0.08793290957808494,0.6633581995964051,2.377411975860596,-0.08793290957808494,-0.5231492254436017,0.8248975170525334,"[0.2510395726561546, 0.12258802413940417]",COMPLETE
35,0.8112270889282226,2026-07-31 06:08:42.818259,2026-07-31 06:27:27.514384,0 days 00:18:44.696125,1.1507449298569883,1.5767496921586677,1.1825938695286269,1.707384816111747,3.9252194885211495,0.6869662550837901,3.1768310928344725,4.389815221786499,"{""Prosody"": {""alignment"": 0.7913257265090943, ""uniformity"": -0.8921816349029541, ""effective_rank"": 4.780719108581543, ""weight_entropy_ratio"": 0.6680436828114981}, ""Vocal_Tract"": {""alignment"": 0.9365095186233521, ""uniformity"": -0.20781638145446776, ""effective_rank"": 3.2529812145233152, ""weight_entropy_ratio"": 0.8136688963260668}, ""Timbre"": {""alignment"": 0.6846867275238037, ""uniformity"": -1.431569595336914, ""effective_rank"": 5.690041217803955, ""weight_entropy_ratio"": 0.738835145820724}, ""Voice_Quality"": {""alignment"": 0.9409816980361938, ""uniformity"": -0.1917508540302515, ""effective_rank"": 3.1768310928344725, ""weight_entropy_ratio"": 0.9186139054089866}, ""Scene"": {""alignment"": 0.7026317739486694, ""uniformity"": -1.1036420249938965, ""effective_rank"": 5.048503475189209, ""weight_entropy_ratio"": 0.8231127088113424}}",-0.1917508540302515,0.6846867275238037,3.1768310928344725,-0.1917508540302515,-0.7653920981436968,0.7924548678357235,"[0.1082491459697485, -0.6768310928344725]",COMPLETE
36,0.8074961290359498,2026-07-31 06:27:32.127894,2026-07-31 06:46:07.198475,0 days 00:18:35.070581,1.249736796123658,1.253289744684729,1.0775667886245799,2.5634162269976795,3.1726264034782696,0.7628734920420704,2.4232229518890382,4.369816047668457,"{""Prosody"": {""alignment"": 0.6975323462486267, ""uniformity"": -1.2213676404953002, ""effective_rank"": 5.290303344726563, ""weight_entropy_ratio"": 0.7091296379549915}, ""Vocal_Tract"": {""alignment"": 0.986008596420288, ""uniformity"": -0.05201759733259678, ""effective_rank"": 2.4232229518890382, ""weight_entropy_ratio"": 0.9192284954878636}, ""Timbre"": {""alignment"": 0.7029829049110412, ""uniformity"": -1.4293005132675172, ""effective_rank"": 6.023871307373047, ""weight_entropy_ratio"": 0.695151496698849}, ""Voice_Quality"": {""alignment"": 0.9853914618492127, ""uniformity"": -0.05381362661719322, ""effective_rank"": 2.444346532821655, ""weight_entropy_ratio"": 0.8743192984774475}, ""Scene"": {""alignment"": 0.6655653357505799, ""uniformity"": -1.2796225261688232, ""effective_rank"": 5.6673361015319825, ""weight_entropy_ratio"": 0.7483036752304684}}",-0.05201759733259678,0.6655653357505799,2.4232229518890382,-0.05201759733259678,-0.8072243807762861,0.789226520769924,"[0.24618637338280677, 0.07677704811096175]",COMPLETE
37,0.9063925118446352,2026-07-31 06:46:11.780417,2026-07-31 07:05:05.465470,0 days 00:18:53.685053,1.0507756120936307,0.9068878185266083,1.259398008819602,1.947749120061062,3.785643412083207,0.44598968119453386,2.4212071609497072,3.4136754856109617,"{""Prosody"": {""alignment"": 0.9800801658630371, ""uniformity"": -0.07591048642992973, ""effective_rank"": 2.4636621570587156, ""weight_entropy_ratio"": 0.6347456397193391}, ""Vocal_Tract"": {""alignment"": 0.980155975818634, ""uniformity"": -0.07553724274039268, ""effective_rank"": 2.4638035774230955, ""weight_entropy_ratio"": 0.8560402719528442}, ""Timbre"": {""alignment"": 0.7848362636566162, ""uniformity"": -1.0004060983657836, ""effective_rank"": 5.0408343315124515, ""weight_entropy_ratio"": 0.7686793405383991}, ""Voice_Quality"": {""alignment"": 0.9813791608810425, ""uniformity"": -0.0696724958717823, ""effective_rank"": 2.4212071609497072, ""weight_entropy_ratio"": 0.906692180963908}, ""Scene"": {""alignment"": 0.8055109930038452, ""uniformity"": -0.9791939640045166, ""effective_rank"": 4.67887020111084, ""weight_entropy_ratio"": 0.5997484841590563}}",-0.0696724958717823,0.7848362636566162,2.4212071609497072,-0.0696724958717823,-0.44014405748248103,0.7531811834667093,"[0.2740895135700703, 0.07879283905029277]",COMPLETE
38,0.8306401391029357,2026-07-31 07:05:11.803978,2026-07-31 07:23:55.007268,0 days 00:18:43.203290,1.9791779109401384,1.4335051773016603,1.4596269422101722,1.8656045072787932,4.317075462955927,0.6509987762869278,2.815914487838745,3.9986661567687993,"{""Prosody"": {""alignment"": 0.816033878326416, ""uniformity"": -0.7318923497200012, ""effective_rank"": 3.8813557052612304, ""weight_entropy_ratio"": 0.8452923229000179}, ""Vocal_Tract"": {""alignment"": 0.9320498037338257, ""uniformity"": -0.2340938687324524, ""effective_rank"": 3.035620584487915, ""weight_entropy_ratio"": 0.8481031468346671}, ""Timbre"": {""alignment"": 0.7073336338996887, ""uniformity"": -1.1279445433616637, ""effective_rank"": 5.289854316711426, ""weight_entropy_ratio"": 0.8291888990341285}, ""Voice_Quality"": {""alignment"": 0.9478726315498353, ""uniformity"": -0.17843706890940667, ""effective_rank"": 2.815914487838745, ""weight_entropy_ratio"": 0.9246544657869366}, ""Scene"": {""alignment"": 0.7499107480049133, ""uniformity"": -0.937469928264618, ""effective_rank"": 4.970585689544678, ""weight_entropy_ratio"": 0.7861711198983116}}",-0.17843706890940667,0.7073336338996887,2.815914487838745,-0.17843706890940667,-0.6419675517976284,0.8466819908908123,"[0.12156293109059332, -0.3159144878387452]",COMPLETE
39,0.8670916495323181,2026-07-31 07:23:59.424796,2026-07-31 07:42:47.791953,0 days 00:18:48.367157,1.4946958087232662,1.7841522302613386,1.653364611255359,2.1922072762705915,3.9510508032221496,0.5040776559421567,2.9326787185668945,3.8763035316467285,"{""Prosody"": {""alignment"": 0.88257737159729, ""uniformity"": -0.622531042098999, ""effective_rank"": 3.58661171913147, ""weight_entropy_ratio"": 0.7622394123906376}, ""Vocal_Tract"": {""alignment"": 0.9306080341339111, ""uniformity"": -0.23565982460975646, ""effective_rank"": 3.025650796890259, ""weight_entropy_ratio"": 0.8813626436782555}, ""Timbre"": {""alignment"": 0.7812086963653564, ""uniformity"": -0.8213125348091126, ""effective_rank"": 5.042008609771728, ""weight_entropy_ratio"": 0.8702042482043355}, ""Voice_Quality"": {""alignment"": 0.9360909724235534, ""uniformity"": -0.20447556897997857, ""effective_rank"": 2.9326787185668945, ""weight_entropy_ratio"": 0.912578979882135}, ""Scene"": {""alignment"": 0.8049731731414795, ""uniformity"": -0.7277549481391907, ""effective_rank"": 4.794567813873291, ""weight_entropy_ratio"": 0.8566407772057925}}",-0.20447556897997857,0.7812086963653564,2.9326787185668945,-0.20447556897997857,-0.5223467837274075,0.8566052122722313,"[0.09552443102002142, -0.43267871856689455]",COMPLETE
40,0.8780768213272094,2026-07-31 07:42:52.948923,2026-07-31 08:01:40.625475,0 days 00:18:47.676552,1.127887942691556,1.35159394725858,1.3351271526260644,2.0161544920566037,2.7014222182942347,0.5813324972240974,2.590955171585083,3.607965793609619,"{""Prosody"": {""alignment"": 0.9762833285331726, ""uniformity"": -0.08979426234960557, ""effective_rank"": 2.7046809577941895, ""weight_entropy_ratio"": 0.6590546060324439}, ""Vocal_Tract"": {""alignment"": 0.9798251843452453, ""uniformity"": -0.07745278239250183, ""effective_rank"": 2.590955171585083, ""weight_entropy_ratio"": 0.8663804193737568}, ""Timbre"": {""alignment"": 0.7148117017745972, ""uniformity"": -1.2528138828277589, ""effective_rank"": 5.236628570556641, ""weight_entropy_ratio"": 0.7904425441948714}, ""Voice_Quality"": {""alignment"": 0.9790969014167785, ""uniformity"": -0.07960283488035202, ""effective_rank"": 2.619110288619995, ""weight_entropy_ratio"": 0.844228282089643}, ""Scene"": {""alignment"": 0.7403669905662537, ""uniformity"": -1.0506603837013244, ""effective_rank"": 4.888453979492187, ""weight_entropy_ratio"": 0.7675299943433336}}",-0.07745278239250183,0.7148117017745972,2.590955171585083,-0.07745278239250183,-0.5100648292303085,0.7855271692068097,"[0.2602057376503944, -0.09095517158508315]",COMPLETE
41,0.9134797821044923,2026-07-31 08:01:45.409025,2026-07-31 08:19:37.543546,0 days 00:17:52.134521,1.5150440738448185,1.767541924260108,1.680237770929209,2.2202412083922947,3.9528982581928394,0.4962215548920854,2.103983302116394,3.0639775295257565,"{""Prosody"": {""alignment"": 0.993254451751709, ""uniformity"": -0.028168267626315354, ""effective_rank"": 2.226021242141724, ""weight_entropy_ratio"": 0.7603906241902013}, ""Vocal_Tract"": {""alignment"": 0.9950082230567933, ""uniformity"": -0.01983250031247735, ""effective_rank"": 2.103983302116394, ""weight_entropy_ratio"": 0.8864143682519994}, ""Timbre"": {""alignment"": 0.7869581294059753, ""uniformity"": -0.8743933868408204, ""effective_rank"": 4.506810073852539, ""weight_entropy_ratio"": 0.8700981527971265}, ""Voice_Quality"": {""alignment"": 0.994765100479126, ""uniformity"": -0.02061032110825181, ""effective_rank"": 2.117206482887268, ""weight_entropy_ratio"": 0.9137782939479743}, ""Scene"": {""alignment"": 0.7974130058288574, ""uniformity"": -0.81821049451828, ""effective_rank"": 4.365866546630859, ""weight_entropy_ratio"": 0.8541602733986297}}",-0.01983250031247735,0.7869581294059753,2.103983302116394,-0.01983250031247735,-0.35224299408122894,0.8569683425171862,"[0.3218317323736846, 0.39601669788360594]",COMPLETE
42,0.94016317653656,2026-07-31 08:19:42.517576,2026-07-31 08:38:22.611467,0 days 00:18:40.093891,1.3452497204640796,1.594941356000042,1.8233601012624692,2.1136665681170648,4.118331192460631,0.34860032378155775,1.9077770042419433,2.890822034835815,"{""Prosody"": {""alignment"": 0.991907787322998, ""uniformity"": -0.03144352748990059, ""effective_rank"": 1.9090997362136841, ""weight_entropy_ratio"": 0.7269894458291148}, ""Vocal_Tract"": {""alignment"": 0.9917741823196411, ""uniformity"": -0.03196871183812618, ""effective_rank"": 1.9180894136428832, ""weight_entropy_ratio"": 0.8762628617428934}, ""Timbre"": {""alignment"": 0.8695513796806336, ""uniformity"": -0.5560846281051636, ""effective_rank"": 4.398316993713379, ""weight_entropy_ratio"": 0.8994699338443488}, ""Voice_Quality"": {""alignment"": 0.9919513177871704, ""uniformity"": -0.0318219793587923, ""effective_rank"": 1.9077770042419433, ""weight_entropy_ratio"": 0.9200587682394576}, ""Scene"": {""alignment"": 0.8556312155723572, ""uniformity"": -0.6620340764522552, ""effective_rank"": 4.320827026367187, ""weight_entropy_ratio"": 0.8227721732144206}}",-0.03144352748990059,0.8556312155723572,1.9077770042419433,-0.03144352748990059,-0.26267058464884757,0.8491106365740471,"[0.3185564725100994, 0.5922229957580567]",COMPLETE
43,0.9565045132637023,2026-07-31 08:38:27.675041,2026-07-31 08:57:13.939167,0 days 00:18:46.264126,1.636145573371264,1.7159516999588558,1.6099976501802056,2.296052979628557,3.68737398305509,0.256091988307244,1.8891876554489135,2.767273725509644,"{""Prosody"": {""alignment"": 0.9937174463272095, ""uniformity"": -0.03200323969125748, ""effective_rank"": 1.965549006462097, ""weight_entropy_ratio"": 0.7919757738283181}, ""Vocal_Tract"": {""alignment"": 0.9926869916915894, ""uniformity"": -0.029242368414998055, ""effective_rank"": 1.9215746688842774, ""weight_entropy_ratio"": 0.8932170744665224}, ""Timbre"": {""alignment"": 0.8999649786949158, ""uniformity"": -0.490387589931488, ""effective_rank"": 4.061767444610596, ""weight_entropy_ratio"": 0.8655462726620321}, ""Voice_Quality"": {""alignment"": 0.9932000517845154, ""uniformity"": -0.02664636932313442, ""effective_rank"": 1.8891876554489135, ""weight_entropy_ratio"": 0.9069268582409014}, ""Scene"": {""alignment"": 0.902953097820282, ""uniformity"": -0.48010106205940245, ""effective_rank"": 3.998289852142334, ""weight_entropy_ratio"": 0.8459061810006884}}",-0.02664636932313442,0.8999649786949158,1.8891876554489135,-0.02664636932313442,-0.2116761258840561,0.8607144320396926,"[0.3179967603087425, 0.6108123445510865]",COMPLETE
44,0.9497181663513183,2026-07-31 08:57:19.010686,2026-07-31 09:16:09.129149,0 days 00:18:50.118463,1.8560966460028971,1.7939189889856224,1.55641841003064,2.163337167371875,3.5931897333296505,0.41049284916300655,1.722488579750061,2.492376987457275,"{""Prosody"": {""alignment"": 0.9942031979560852, ""uniformity"": -0.022881560139358045, ""effective_rank"": 1.7253829383850097, ""weight_entropy_ratio"": 0.8317705861683348}, ""Vocal_Tract"": {""alignment"": 0.9939413428306579, ""uniformity"": -0.023792966604232788, ""effective_rank"": 1.7266624784469604, ""weight_entropy_ratio"": 0.8780432007737521}, ""Timbre"": {""alignment"": 0.8854877567291259, ""uniformity"": -0.49947080969810487, ""effective_rank"": 3.755346097946167, ""weight_entropy_ratio"": 0.8508772590698984}, ""Voice_Quality"": {""alignment"": 0.9940367031097412, ""uniformity"": -0.023454344607889654, ""effective_rank"": 1.722488579750061, ""weight_entropy_ratio"": 0.902581089818202}, ""Scene"": {""alignment"": 0.8809218311309814, ""uniformity"": -0.4754632568359375, ""effective_rank"": 3.5320048427581785, ""weight_entropy_ratio"": 0.8595992788945054}}",-0.022881560139358045,0.8809218311309814,1.722488579750061,-0.022881560139358045,-0.20901258757710459,0.8645742829449385,"[0.32711843986064193, 0.7775114202499389]",COMPLETE
45,0.9258211536407472,2026-07-31 09:16:14.233117,2026-07-31 09:34:55.422123,0 days 00:18:41.189006,1.2306568588739626,1.6753567000243927,1.7297189040269316,2.553446661432858,3.991322359294313,0.5199739137791046,2.0052538204193113,2.8028643960952757,"{""Prosody"": {""alignment"": 0.9913949728012085, ""uniformity"": -0.036502035930752755, ""effective_rank"": 2.014390525817871, ""weight_entropy_ratio"": 0.6857237094722948}, ""Vocal_Tract"": {""alignment"": 0.9905493044853211, ""uniformity"": -0.037206359356641766, ""effective_rank"": 2.0245694589614867, ""weight_entropy_ratio"": 0.9116859549611551}, ""Timbre"": {""alignment"": 0.8288619804382324, ""uniformity"": -0.6004705572128296, ""effective_rank"": 3.9753767013549806, ""weight_entropy_ratio"": 0.8783008156696995}, ""Voice_Quality"": {""alignment"": 0.9909080529212951, ""uniformity"": -0.035126576088368895, ""effective_rank"": 2.0052538204193113, ""weight_entropy_ratio"": 0.9189714882719364}, ""Scene"": {""alignment"": 0.8273914575576782, ""uniformity"": -0.6485898435115814, ""effective_rank"": 3.9947314739227293, ""weight_entropy_ratio"": 0.8255000626371864}}",-0.035126576088368895,0.8273914575576782,2.0052538204193113,-0.035126576088368895,-0.27157907442003487,0.8440364062024543,"[0.31349796406924724, 0.49474617958068867]",COMPLETE
46,0.8613464822769165,2026-07-31 09:35:03.230503,2026-07-31 09:53:28.506825,0 days 00:18:25.276322,2.1918864236638065,1.304570713441191,1.6163343838255502,1.5412883147457817,4.130965038208448,0.8035695964485863,2.1468312454223635,3.498373718261719,"{""Prosody"": {""alignment"": 0.98430908203125, ""uniformity"": -0.060174106471240524, ""effective_rank"": 2.2570750284194947, ""weight_entropy_ratio"": 0.8761697647033948}, ""Vocal_Tract"": {""alignment"": 0.9849758553504944, ""uniformity"": -0.05718611400574446, ""effective_rank"": 2.2284312582015993, ""weight_entropy_ratio"": 0.7844945675509478}, ""Timbre"": {""alignment"": 0.6501846385002136, ""uniformity"": -1.211168682575226, ""effective_rank"": 5.671779918670654, ""weight_entropy_ratio"": 0.868487181553789}, ""Voice_Quality"": {""alignment"": 0.9871442103385926, ""uniformity"": -0.04854252025485039, ""effective_rank"": 2.1468312454223635, ""weight_entropy_ratio"": 0.91819182559841}, ""Scene"": {""alignment"": 0.700118625164032, ""uniformity"": -1.1253917956352233, ""effective_rank"": 5.187751140594482, ""weight_entropy_ratio"": 0.761338234429383}}",-0.04854252025485039,0.6501846385002136,2.1468312454223635,-0.04854252025485039,-0.500492643788457,0.8417363147671848,"[0.2898258935287594, 0.3531687545776365]",COMPLETE
47,0.8626915798187257,2026-07-31 09:53:33.026747,2026-07-31 10:12:19.516992,0 days 00:18:46.490245,1.471262904226604,1.495186012516424,1.1657998440078212,2.3962814233783183,4.362696006055445,0.9649763140045017,1.8957572507858276,2.848572787284851,"{""Prosody"": {""alignment"": 0.98376788854599, ""uniformity"": -0.06198092818260193, ""effective_rank"": 1.9667575025558472, ""weight_entropy_ratio"": 0.7571207946764595}, ""Vocal_Tract"": {""alignment"": 0.9860080122947693, ""uniformity"": -0.05046326860785484, ""effective_rank"": 1.8957572507858276, ""weight_entropy_ratio"": 0.9031280478729835}, ""Timbre"": {""alignment"": 0.699047749042511, ""uniformity"": -1.0803291511535644, ""effective_rank"": 4.293293066024781, ""weight_entropy_ratio"": 0.7292600767528468}, ""Voice_Quality"": {""alignment"": 0.9839186573028564, ""uniformity"": -0.057557369023561476, ""effective_rank"": 1.9374129343032838, ""weight_entropy_ratio"": 0.9323735212468616}, ""Scene"": {""alignment"": 0.6607155919075012, ""uniformity"": -1.001071698665619, ""effective_rank"": 4.149643182754517, ""weight_entropy_ratio"": 0.7956431250536276}}",-0.05046326860785484,0.6607155919075012,1.8957572507858276,-0.05046326860785484,-0.4502804831266403,0.8235051131205557,"[0.28801907181739805, 0.6042427492141724]",COMPLETE
48,0.9177829937934875,2026-07-31 10:12:24.500345,2026-07-31 10:31:21.040694,0 days 00:18:56.540349,1.191243818546204,1.1714413398667975,1.419807935964073,1.7918738294014374,4.460066133856332,0.727723766391769,2.1309393453598022,2.525187415122986,"{""Prosody"": {""alignment"": 0.9745182847976684, ""uniformity"": -0.09448853850364686, ""effective_rank"": 2.287093720436096, ""weight_entropy_ratio"": 0.6751992002197196}, ""Vocal_Tract"": {""alignment"": 0.9785898447036743, ""uniformity"": -0.08164530336856841, ""effective_rank"": 2.1992247819900514, ""weight_entropy_ratio"": 0.8362195266890536}, ""Timbre"": {""alignment"": 0.8216106653213501, ""uniformity"": -0.5903714036941529, ""effective_rank"": 3.0566058444976805, ""weight_entropy_ratio"": 0.8188749831340992}, ""Voice_Quality"": {""alignment"": 0.9815795660018921, ""uniformity"": -0.06966695114970207, ""effective_rank"": 2.1309393453598022, ""weight_entropy_ratio"": 0.9345473906364262}, ""Scene"": {""alignment"": 0.8326166081428528, ""uniformity"": -0.5415269994735717, ""effective_rank"": 2.9520733833312987, ""weight_entropy_ratio"": 0.7110721907222216}}",-0.06966695114970207,0.8216106653213501,2.1309393453598022,-0.06966695114970207,-0.2755398392379284,0.7951826582803041,"[0.2555114614963531, 0.36906065464019777]",COMPLETE
49,0.8290774288177489,2026-07-31 10:31:25.917574,2026-07-31 10:50:24.970203,0 days 00:18:59.052629,1.6606872051337982,1.471356063437168,1.4914419383818132,2.7761556015467495,2.9878454508497843,0.8501600450393212,2.639724235534668,2.7784361209869384,"{""Prosody"": {""alignment"": 0.9216693425178528, ""uniformity"": -0.4397738116979599, ""effective_rank"": 2.653855743408203, ""weight_entropy_ratio"": 0.7896120044323588}, ""Vocal_Tract"": {""alignment"": 0.8476577568054199, ""uniformity"": -0.4163016706705093, ""effective_rank"": 2.647083492279053, ""weight_entropy_ratio"": 0.9303275477852399}, ""Timbre"": {""alignment"": 0.7721436595916749, ""uniformity"": -0.7186951422691346, ""effective_rank"": 2.964942464828491, ""weight_entropy_ratio"": 0.8364605823044435}, ""Voice_Quality"": {""alignment"": 0.84134437084198, ""uniformity"": -0.426085359454155, ""effective_rank"": 2.639724235534668, ""weight_entropy_ratio"": 0.8692337993243845}, ""Scene"": {""alignment"": 0.7625720143318176, ""uniformity"": -0.7592045545578003, ""effective_rank"": 2.9865746688842774, ""weight_entropy_ratio"": 0.7913737631862284}}",-0.4163016706705093,0.7625720143318176,2.639724235534668,-0.4163016706705093,-0.5520121077299117,0.8434015394065311,"[-0.08977381169795995, -0.13972423553466795]",COMPLETE
50,0.7922849707603454,2026-07-31 10:50:30.503281,2026-07-31 11:09:14.782058,0 days 00:18:44.278777,1.808038650001551,1.4712806052207712,1.310314872297121,3.1976895853507865,2.971256864445793,0.8397316844364016,2.817888088226318,4.530044101715088,"{""Prosody"": {""alignment"": 0.6653144073486328, ""uniformity"": -1.2289200568199157, ""effective_rank"": 6.015438423156739, ""weight_entropy_ratio"": 0.822351278840248}, ""Vocal_Tract"": {""alignment"": 0.9760380959510804, ""uniformity"": -0.08466494783759117, ""effective_rank"": 2.8550960350036623, ""weight_entropy_ratio"": 0.9467767070554983}, ""Timbre"": {""alignment"": 0.659221932888031, ""uniformity"": -1.4159631395339967, ""effective_rank"": 5.756692848205566, ""weight_entropy_ratio"": 0.7873591642619532}, ""Voice_Quality"": {""alignment"": 0.9773165225982666, ""uniformity"": -0.07935239605605603, ""effective_rank"": 2.817888088226318, ""weight_entropy_ratio"": 0.865785314186445}, ""Scene"": {""alignment"": 0.6835338950157166, ""uniformity"": -1.1768367552757264, ""effective_rank"": 5.205105113983154, ""weight_entropy_ratio"": 0.7960457637071857}}",-0.07935239605605603,0.659221932888031,2.817888088226318,-0.07935239605605603,-0.7971474591046572,0.843663645610266,"[0.22064760394394395, -0.3178880882263182]",COMPLETE
51,0.7785596458911895,2026-07-31 11:09:19.957349,2026-07-31 11:27:46.850293,0 days 00:18:26.892944,1.6834434310812219,1.407855803173066,1.4877846386402092,2.7463477149126136,3.189065067063746,0.8886818104747143,2.709201374053955,4.4750981025695795,"{""Prosody"": {""alignment"": 0.6590299081802368, ""uniformity"": -1.2513019990921022, ""effective_rank"": 5.361714057922363, ""weight_entropy_ratio"": 0.8012977879022196}, ""Vocal_Tract"": {""alignment"": 0.9791453218460083, ""uniformity"": -0.0698312096297741, ""effective_rank"": 2.7468023109436035, ""weight_entropy_ratio"": 0.9218927120139396}, ""Timbre"": {""alignment"": 0.6100102031230926, ""uniformity"": -1.4316553735733033, ""effective_rank"": 6.0260264015197755, ""weight_entropy_ratio"": 0.831522217676335}, ""Voice_Quality"": {""alignment"": 0.9807952713966369, ""uniformity"": -0.06667925707995892, ""effective_rank"": 2.709201374053955, ""weight_entropy_ratio"": 0.8730881893959923}, ""Scene"": {""alignment"": 0.6638175249099731, ""uniformity"": -1.260562126636505, ""effective_rank"": 5.5317463684082036, ""weight_entropy_ratio"": 0.7758434437287282}}",-0.06667925707995892,0.6100102031230926,2.709201374053955,-0.06667925707995892,-0.8160059932023286,0.8407288701434429,"[0.23332074292004107, -0.2092013740539551]",COMPLETE
52,0.8294492120742798,2026-07-31 11:27:51.764557,2026-07-31 11:46:36.477844,0 days 00:18:44.713287,1.6334823073784541,1.4648798427197127,1.3683575494817748,3.0164965874559337,2.767562707566042,0.7918442307890232,1.9229613304138184,3.226661915779113,"{""Prosody"": {""alignment"": 0.760823757648468, ""uniformity"": -0.8922070717811584, ""effective_rank"": 3.020477285385132, ""weight_entropy_ratio"": 0.7891037077170613}, ""Vocal_Tract"": {""alignment"": 0.985101580619812, ""uniformity"": -0.05709615401923657, ""effective_rank"": 1.9834172773361205, ""weight_entropy_ratio"": 0.9432223682012671}, ""Timbre"": {""alignment"": 0.6924751019477844, ""uniformity"": -1.1148432755470277, ""effective_rank"": 4.708843116760254, ""weight_entropy_ratio"": 0.7951729326377946}, ""Voice_Quality"": {""alignment"": 0.9886344480514526, ""uniformity"": -0.04314878731966019, ""effective_rank"": 1.9229613304138184, ""weight_entropy_ratio"": 0.8505340188365222}, ""Scene"": {""alignment"": 0.7202111721038819, ""uniformity"": -0.9925564455986023, ""effective_rank"": 4.497610569000244, ""weight_entropy_ratio"": 0.7952302801379076}}",-0.04314878731966019,0.6924751019477844,1.9229613304138184,-0.04314878731966019,-0.619970346853137,0.8346526615061107,"[0.2568512126803398, 0.5770386695861816]",COMPLETE
53,0.9028751592636108,2026-07-31 11:46:41.431785,2026-07-31 12:05:40.649923,0 days 00:18:59.218138,1.5447972056817807,1.726414564329997,1.783400834347591,2.8242882067613824,3.0601245824093493,0.5917371264761896,2.1939146280288697,2.9551890048980716,"{""Prosody"": {""alignment"": 0.9912942767143249, ""uniformity"": -0.037050621006637814, ""effective_rank"": 2.1939146280288697, ""weight_entropy_ratio"": 0.7839111648076664}, ""Vocal_Tract"": {""alignment"": 0.9904123950004577, ""uniformity"": -0.036756395250558856, ""effective_rank"": 2.1951186943054197, ""weight_entropy_ratio"": 0.9285432035906099}, ""Timbre"": {""alignment"": 0.7697873759269714, ""uniformity"": -0.7944246387481689, ""effective_rank"": 4.035041837692261, ""weight_entropy_ratio"": 0.8943313202349517}, ""Voice_Quality"": {""alignment"": 0.9854845905303955, ""uniformity"": -0.05378413740545511, ""effective_rank"": 2.3142590379714965, ""weight_entropy_ratio"": 0.8695556694770413}, ""Scene"": {""alignment"": 0.7773971581459045, ""uniformity"": -0.805413281917572, ""effective_rank"": 4.037610826492309, ""weight_entropy_ratio"": 0.8463822706749017}}",-0.036756395250558856,0.7697873759269714,2.1939146280288697,-0.036756395250558856,-0.34548581486567853,0.8645447257570342,"[0.31294937899336217, 0.3060853719711303]",COMPLETE
54,0.7961145005226136,2026-07-31 12:05:47.839109,2026-07-31 12:24:24.936958,0 days 00:18:37.097849,1.398710782065936,1.3516677462378017,1.6523047791213135,2.6099675941599,4.0466502088389,0.8921549680210508,2.5573106670379637,4.1495795879364,"{""Prosody"": {""alignment"": 0.7248676538467407, ""uniformity"": -1.0773377466201781, ""effective_rank"": 4.5306540298461915, ""weight_entropy_ratio"": 0.737378621978951}, ""Vocal_Tract"": {""alignment"": 0.9708484578132629, ""uniformity"": -0.10716891512274743, ""effective_rank"": 2.7440423583984375, ""weight_entropy_ratio"": 0.9188199227468327}, ""Timbre"": {""alignment"": 0.6275412034988403, ""uniformity"": -1.2114391231536865, ""effective_rank"": 5.595989875793457, ""weight_entropy_ratio"": 0.8679829636604469}, ""Voice_Quality"": {""alignment"": 0.9777934575080871, ""uniformity"": -0.0830540782213211, ""effective_rank"": 2.5573106670379637, ""weight_entropy_ratio"": 0.9171478152105277}, ""Scene"": {""alignment"": 0.6795217299461365, ""uniformity"": -1.1421959686279297, ""effective_rank"": 5.319901008605957, ""weight_entropy_ratio"": 0.7621049562806556}}",-0.0830540782213211,0.6275412034988403,2.5573106670379637,-0.0830540782213211,-0.7242391663491726,0.8406868559754826,"[0.21694592177867889, -0.057310667037963725]",COMPLETE
55,0.8159805746078491,2026-07-31 12:24:29.719594,2026-07-31 12:43:16.240109,0 days 00:18:46.520515,1.030828286899785,1.5698209253500115,1.2461762984091866,3.0459298833785726,2.6138668990002345,0.6591051666632586,2.9020322036743162,4.08665577507019,"{""Prosody"": {""alignment"": 0.8226732110977173, ""uniformity"": -0.8369527161121368, ""effective_rank"": 4.050605602264405, ""weight_entropy_ratio"": 0.625690314308963}, ""Vocal_Tract"": {""alignment"": 0.908728449344635, ""uniformity"": -0.29188038885593415, ""effective_rank"": 2.939999055862427, ""weight_entropy_ratio"": 0.9432779525085934}, ""Timbre"": {""alignment"": 0.7106068086624145, ""uniformity"": -1.1422854566574097, ""effective_rank"": 5.476106758117676, ""weight_entropy_ratio"": 0.7703641149805854}, ""Voice_Quality"": {""alignment"": 0.9099487829208374, ""uniformity"": -0.27837284743785856, ""effective_rank"": 2.9020322036743162, ""weight_entropy_ratio"": 0.8376132224014384}, ""Scene"": {""alignment"": 0.7279456210136414, ""uniformity"": -0.935431764125824, ""effective_rank"": 5.064535255432129, ""weight_entropy_ratio"": 0.8258993268251764}}",-0.27837284743785856,0.7106068086624145,2.9020322036743162,-0.27837284743785856,-0.6969846346378327,0.8005689862049513,"[0.021627152562141427, -0.40203220367431625]",COMPLETE
56,0.8372636241912842,2026-07-31 12:43:22.022054,2026-07-31 13:01:30.770057,0 days 00:18:08.748003,1.0352043920482974,1.5569716905441122,1.2348656665170874,3.0778487823537257,2.523847874088487,0.6774648073712927,2.315119171142578,3.7932411193847657,"{""Prosody"": {""alignment"": 0.746758291721344, ""uniformity"": -1.087245182991028, ""effective_rank"": 4.249967308044433, ""weight_entropy_ratio"": 0.6294871197931772}, ""Vocal_Tract"": {""alignment"": 0.9792090010643005, ""uniformity"": -0.07626099601387977, ""effective_rank"": 2.369762992858887, ""weight_entropy_ratio"": 0.9443036450267682}, ""Timbre"": {""alignment"": 0.7361368989944458, ""uniformity"": -1.1413246011734008, ""effective_rank"": 5.332939472198486, ""weight_entropy_ratio"": 0.7494056799293944}, ""Voice_Quality"": {""alignment"": 0.9811163139343262, ""uniformity"": -0.06963489428162575, ""effective_rank"": 2.315119171142578, ""weight_entropy_ratio"": 0.8324541318168065}, ""Scene"": {""alignment"": 0.7430976152420044, ""uniformity"": -0.8837545275688171, ""effective_rank"": 4.698416652679444, ""weight_entropy_ratio"": 0.8209260136904365}}",-0.06963489428162575,0.7361368989944458,2.315119171142578,-0.06963489428162575,-0.6516440404057502,0.7953153180513165,"[0.23036510571837424, 0.18488082885742196]",COMPLETE
57,0.8651453981399537,2026-07-31 13:01:35.504778,2026-07-31 13:20:12.851859,0 days 00:18:37.347081,1.1256658263961175,1.5050826335948104,1.1588355137064108,2.970378450003729,2.6373202810329532,0.7435460159100239,2.292934093475342,3.580399036407471,"{""Prosody"": {""alignment"": 0.9794482493400574, ""uniformity"": -0.07570415169000626, ""effective_rank"": 2.429717559814453, ""weight_entropy_ratio"": 0.6717586356384104}, ""Vocal_Tract"": {""alignment"": 0.9841165614128112, ""uniformity"": -0.061005194038152695, ""effective_rank"": 2.292934093475342, ""weight_entropy_ratio"": 0.9383632620812822}, ""Timbre"": {""alignment"": 0.6900355076789856, ""uniformity"": -1.5077495908737182, ""effective_rank"": 5.692438163757324, ""weight_entropy_ratio"": 0.7270630902025036}, ""Voice_Quality"": {""alignment"": 0.9831264734268188, ""uniformity"": -0.06549892142415047, ""effective_rank"": 2.3371356391906737, ""weight_entropy_ratio"": 0.8380723637878082}, ""Scene"": {""alignment"": 0.689000198841095, ""uniformity"": -1.2336124062538147, ""effective_rank"": 5.149769725799561, ""weight_entropy_ratio"": 0.8023770115058333}}",-0.061005194038152695,0.689000198841095,2.292934093475342,-0.061005194038152695,-0.5887140528559685,0.7955268726431676,"[0.2742958483099937, 0.20706590652465806]",COMPLETE
58,0.7838911862373352,2026-07-31 13:20:18.393075,2026-07-31 13:38:58.037210,0 days 00:18:39.644135,1.0306001715424444,1.6254743476666553,1.2407290099332005,3.121033830703479,2.9531541385395226,0.8430615254142626,2.7024184799194337,4.169589069366456,"{""Prosody"": {""alignment"": 0.6944447898864746, ""uniformity"": -1.2878929901123046, ""effective_rank"": 4.9413594627380375, ""weight_entropy_ratio"": 0.6298495180599257}, ""Vocal_Tract"": {""alignment"": 0.9647056221961975, ""uniformity"": -0.12155517578125, ""effective_rank"": 2.7024184799194337, ""weight_entropy_ratio"": 0.9447061870039594}, ""Timbre"": {""alignment"": 0.6693711471557617, ""uniformity"": -1.443062515258789, ""effective_rank"": 5.480337009429932, ""weight_entropy_ratio"": 0.7583483336377946}, ""Voice_Quality"": {""alignment"": 0.9592339134216309, ""uniformity"": -0.138768293261528, ""effective_rank"": 2.773074131011963, ""weight_entropy_ratio"": 0.8652674856417353}, ""Scene"": {""alignment"": 0.6317004585266113, ""uniformity"": -1.2601413059234619, ""effective_rank"": 4.95075626373291, ""weight_entropy_ratio"": 0.8270653243735302}}",-0.12155517578125,0.6317004585266113,2.7024184799194337,-0.12155517578125,-0.8502840560674667,0.8050473697433891,"[0.16123170673847198, -0.20241847991943374]",COMPLETE
59,0.8689529457092284,2026-07-31 13:39:02.694908,2026-07-31 13:57:47.010580,0 days 00:18:44.315672,1.0957802464538664,0.8092831777932501,1.0905108045773464,3.1786406528306603,2.8217071698850935,0.7939462463350813,2.076459355354309,3.2842847909927366,"{""Prosody"": {""alignment"": 0.9812959194183349, ""uniformity"": -0.06952960327267647, ""effective_rank"": 2.076459355354309, ""weight_entropy_ratio"": 0.6548944907614505}, ""Vocal_Tract"": {""alignment"": 0.9808834147453308, ""uniformity"": -0.07139653190970421, ""effective_rank"": 2.085884885787964, ""weight_entropy_ratio"": 0.9478877947292759}, ""Timbre"": {""alignment"": 0.6911678147315979, ""uniformity"": -1.4667241621017455, ""effective_rank"": 5.219171772003174, ""weight_entropy_ratio"": 0.6978941522857482}, ""Voice_Quality"": {""alignment"": 0.9803578042984009, ""uniformity"": -0.07266912564635276, ""effective_rank"": 2.104807233810425, ""weight_entropy_ratio"": 0.85106107997427}, ""Scene"": {""alignment"": 0.711059775352478, ""uniformity"": -1.331772632598877, ""effective_rank"": 4.935100708007813, ""weight_entropy_ratio"": 0.5613188652668282}}",-0.06952960327267647,0.6911678147315979,2.076459355354309,-0.06952960327267647,-0.6024184111058712,0.7426112766035144,"[0.2804703967273235, 0.4235406446456911]",COMPLETE
60,0.8825467348098753,2026-07-31 13:57:51.665768,2026-07-31 14:16:39.020342,0 days 00:18:47.354574,1.003031435048139,1.4354011140826004,1.3249903548447288,2.853856840090831,2.8366447339945555,0.9519894695518963,1.616614408493042,2.3141713666915895,"{""Prosody"": {""alignment"": 0.9941927528381348, ""uniformity"": -0.017657718900591136, ""effective_rank"": 1.616614408493042, ""weight_entropy_ratio"": 0.610228918195602}, ""Vocal_Tract"": {""alignment"": 0.9941045713424682, ""uniformity"": -0.018942724168300628, ""effective_rank"": 1.6345069742202758, ""weight_entropy_ratio"": 0.932907591421209}, ""Timbre"": {""alignment"": 0.728259699344635, ""uniformity"": -0.8158506488800049, ""effective_rank"": 3.3543931293487548, ""weight_entropy_ratio"": 0.789077733999823}, ""Voice_Quality"": {""alignment"": 0.9944080352783203, ""uniformity"": -0.01811969904229045, ""effective_rank"": 1.6267823791503906, ""weight_entropy_ratio"": 0.8535935151031815}, ""Scene"": {""alignment"": 0.7017686152458191, ""uniformity"": -0.8348330187797547, ""effective_rank"": 3.3385599422454835, ""weight_entropy_ratio"": 0.7922709014564379}}",-0.017657718900591136,0.7017686152458191,1.616614408493042,-0.017657718900591136,-0.3410807619541884,0.7956157320352504,"[0.33234228109940883, 0.883385591506958]",COMPLETE
61,0.8632079157829284,2026-07-31 14:16:45.531592,2026-07-31 14:35:10.643153,0 days 00:18:25.111561,1.1984820230465978,1.528226113009016,1.5254109941671534,2.695669607222018,3.374742517193429,0.6574215718663362,2.5086193799972536,3.546692657470703,"{""Prosody"": {""alignment"": 0.925089774131775, ""uniformity"": -0.31108374275267126, ""effective_rank"": 3.1277101707458494, ""weight_entropy_ratio"": 0.6808948147169634}, ""Vocal_Tract"": {""alignment"": 0.9619123601913452, ""uniformity"": -0.12230847664177417, ""effective_rank"": 2.5826788187026977, ""weight_entropy_ratio"": 0.9152191792364934}, ""Timbre"": {""alignment"": 0.7281095933914185, ""uniformity"": -0.9776325511932373, ""effective_rank"": 4.76163878440857, ""weight_entropy_ratio"": 0.8428993204121653}, ""Voice_Quality"": {""alignment"": 0.9665580701828003, ""uniformity"": -0.10674706004559993, ""effective_rank"": 2.5086193799972536, ""weight_entropy_ratio"": 0.8847388770428531}, ""Scene"": {""alignment"": 0.7343697810173034, ""uniformity"": -0.9530956506729126, ""effective_rank"": 4.752816133499145, ""weight_entropy_ratio"": 0.8147918475711527}}",-0.10674706004559993,0.7281095933914185,2.5086193799972536,-0.10674706004559993,-0.494173496261239,0.8277088077959256,"[0.19325293995440007, -0.008619379997253596]",COMPLETE
62,0.8840355777740478,2026-07-31 14:35:15.757121,2026-07-31 14:54:01.422133,0 days 00:18:45.665012,1.7006218503534607,1.5750557457338403,1.434539871530877,3.0695751348563687,2.6398519309013073,0.6129158083098395,1.9844560956954955,2.9343595333099364,"{""Prosody"": {""alignment"": 0.988817253112793, ""uniformity"": -0.04243687734007835, ""effective_rank"": 1.996480803489685, ""weight_entropy_ratio"": 0.8111420592191619}, ""Vocal_Tract"": {""alignment"": 0.98926926612854, ""uniformity"": -0.040638737231493, ""effective_rank"": 1.9844560956954955, ""weight_entropy_ratio"": 0.9415219114712802}, ""Timbre"": {""alignment"": 0.7140988326072693, ""uniformity"": -1.0034689974784852, ""effective_rank"": 4.382020778656006, ""weight_entropy_ratio"": 0.8224007886491879}, ""Voice_Quality"": {""alignment"": 0.9891444730758667, ""uniformity"": -0.04090070225298405, ""effective_rank"": 1.986262149810791, ""weight_entropy_ratio"": 0.8368511640339592}, ""Scene"": {""alignment"": 0.7388480639457703, ""uniformity"": -0.9881451272964478, ""effective_rank"": 4.322577838897705, ""weight_entropy_ratio"": 0.813156421810628}}",-0.040638737231493,0.7140988326072693,1.9844560956954955,-0.040638737231493,-0.42311808831989767,0.8450144690368434,"[0.30756312265992164, 0.5155439043045045]",COMPLETE
63,0.7894673309326171,2026-07-31 14:54:06.164545,2026-07-31 15:12:52.246829,0 days 00:18:46.082284,1.0542897377573484,1.3780939108580794,1.3087922785326234,2.930297518042418,3.7922760912888176,0.7637828407079216,2.542913360595703,4.542274280548096,"{""Prosody"": {""alignment"": 0.655208477973938, ""uniformity"": -1.5458186864852905, ""effective_rank"": 5.6995061492919925, ""weight_entropy_ratio"": 0.6266510771376786}, ""Vocal_Tract"": {""alignment"": 0.9843343234062195, ""uniformity"": -0.06055097572505474, ""effective_rank"": 2.542913360595703, ""weight_entropy_ratio"": 0.9306559297817519}, ""Timbre"": {""alignment"": 0.6561131954193116, ""uniformity"": -1.436469841003418, ""effective_rank"": 6.065515937805176, ""weight_entropy_ratio"": 0.7857743646922245}, ""Voice_Quality"": {""alignment"": 0.984171347618103, ""uniformity"": -0.06111905910074711, ""effective_rank"": 2.5542715072631834, ""weight_entropy_ratio"": 0.9068560082748792}, ""Scene"": {""alignment"": 0.667509310245514, ""uniformity"": -1.2687741827964782, ""effective_rank"": 5.849164447784424, ""weight_entropy_ratio"": 0.7680345436985051}}",-0.06055097572505474,0.655208477973938,2.542913360595703,-0.06055097572505474,-0.8745465490221978,0.803594384717008,"[0.23888094089925288, -0.042913360595703054]",COMPLETE
64,0.876307068824768,2026-07-31 15:12:59.698219,2026-07-31 15:31:41.989050,0 days 00:18:42.290831,1.6090396098815285,1.4155580658706806,1.2675632547481084,2.2066723692213563,3.2775669898545132,0.5466940850282542,2.579062614440918,3.7673967113494875,"{""Prosody"": {""alignment"": 0.9673983311653137, ""uniformity"": -0.1230299386382103, ""effective_rank"": 2.902776870727539, ""weight_entropy_ratio"": 0.7885632822224997}, ""Vocal_Tract"": {""alignment"": 0.9789519262313843, ""uniformity"": -0.08035140067338943, ""effective_rank"": 2.5866016292572023, ""weight_entropy_ratio"": 0.8864219757613463}, ""Timbre"": {""alignment"": 0.7212417483329773, ""uniformity"": -1.277010872364044, ""effective_rank"": 5.507248115539551, ""weight_entropy_ratio"": 0.771568907373882}, ""Voice_Quality"": {""alignment"": 0.979464967250824, ""uniformity"": -0.07814635530114174, ""effective_rank"": 2.579062614440918, ""weight_entropy_ratio"": 0.8887312956463812}, ""Scene"": {""alignment"": 0.734478371143341, ""uniformity"": -1.1025439834594726, ""effective_rank"": 5.2612943267822265, ""weight_entropy_ratio"": 0.791459351694565}}",-0.07814635530114174,0.7212417483329773,2.579062614440918,-0.07814635530114174,-0.5322165100872516,0.8253489625397349,"[0.22697006136178968, -0.07906261444091811]",COMPLETE
65,0.8088131356239319,2026-07-31 15:31:47.371773,2026-07-31 15:50:41.695133,0 days 00:18:54.323360,1.1130660673361807,1.47183836082368,1.9927990587395406,1.9637418363288703,4.0586535704273,0.8692213875409662,2.57304368019104,3.7728805389404294,"{""Prosody"": {""alignment"": 0.7675440764427185, ""uniformity"": -0.9434317517280578, ""effective_rank"": 3.979569225311279, ""weight_entropy_ratio"": 0.6544911385442321}, ""Vocal_Tract"": {""alignment"": 0.9523012924194336, ""uniformity"": -0.17174497857689858, ""effective_rank"": 2.7170194149017335, ""weight_entropy_ratio"": 0.8591686017927305}, ""Timbre"": {""alignment"": 0.6515176630020142, ""uniformity"": -1.0547248458862304, ""effective_rank"": 4.922251491546631, ""weight_entropy_ratio"": 0.9228359626093382}, ""Voice_Quality"": {""alignment"": 0.9618931865692139, ""uniformity"": -0.13347376257181168, ""effective_rank"": 2.57304368019104, ""weight_entropy_ratio"": 0.9206494493320752}, ""Scene"": {""alignment"": 0.7108094596862793, ""uniformity"": -0.9616324186325074, ""effective_rank"": 4.672518882751465, ""weight_entropy_ratio"": 0.798187941662956}}",-0.13347376257181168,0.6515176630020142,2.57304368019104,-0.13347376257181168,-0.6530015514791012,0.8310666187882663,"[0.1665262374281883, -0.07304368019104013]",COMPLETE
66,0.8859531321525574,2026-07-31 15:50:49.966063,2026-07-31 16:09:50.724766,0 days 00:19:00.758703,1.2893104041776018,1.272981318467035,1.215109669618984,2.281627654546615,4.171806075895316,0.709523817264638,1.8114888334274293,2.6817509956359866,"{""Prosody"": {""alignment"": 0.9888859367370606, ""uniformity"": -0.03861293889582157, ""effective_rank"": 1.8200771188735962, ""weight_entropy_ratio"": 0.7013611808715849}, ""Vocal_Tract"": {""alignment"": 0.9891809272766113, ""uniformity"": -0.03756834983825683, ""effective_rank"": 1.8114888334274293, ""weight_entropy_ratio"": 0.8922626830707487}, ""Timbre"": {""alignment"": 0.7316644549369812, ""uniformity"": -1.0279053497314452, ""effective_rank"": 4.057891244888306, ""weight_entropy_ratio"": 0.7472562627551987}, ""Voice_Quality"": {""alignment"": 0.9881737327575684, ""uniformity"": -0.04054681941866875, ""effective_rank"": 1.8342997169494628, ""weight_entropy_ratio"": 0.9166798601620428}, ""Scene"": {""alignment"": 0.7318606090545654, ""uniformity"": -1.0102177214622499, ""effective_rank"": 3.8849980640411377, ""weight_entropy_ratio"": 0.7351079173970346}}",-0.03756834983825683,0.7316644549369812,1.8114888334274293,-0.03756834983825683,-0.4309702358692884,0.798533580851322,"[0.3113870611041784, 0.6885111665725707]",COMPLETE
67,0.7817804698944092,2026-07-31 16:09:56.136250,2026-07-31 16:30:09.557015,0 days 00:20:13.420765,1.4570833902139644,1.325266966457943,1.0466146917254784,2.3606734645601946,4.2610527802739355,0.8318531274984382,2.532235097885132,4.6356001367568975,"{""Prosody"": {""alignment"": 0.6205507016181946, ""uniformity"": -1.4537645721435546, ""effective_rank"": 6.1220804214477536, ""weight_entropy_ratio"": 0.7589637109385161}, ""Vocal_Tract"": {""alignment"": 0.9717907762527466, ""uniformity"": -0.09253320835530758, ""effective_rank"": 2.621380171775818, ""weight_entropy_ratio"": 0.8990214153492456}, ""Timbre"": {""alignment"": 0.67520747423172, ""uniformity"": -1.5654455089569093, ""effective_rank"": 6.28775203704834, ""weight_entropy_ratio"": 0.6806069309109057}, ""Voice_Quality"": {""alignment"": 0.975617208480835, ""uniformity"": -0.08214038863778114, ""effective_rank"": 2.532235097885132, ""weight_entropy_ratio"": 0.925972730914963}, ""Scene"": {""alignment"": 0.6657361888885498, ""uniformity"": -1.2557228183746338, ""effective_rank"": 5.614552955627442, ""weight_entropy_ratio"": 0.7536464969485599}}",-0.08214038863778114,0.6205507016181946,2.532235097885132,-0.08214038863778114,-0.8899212992936373,0.8036422570124381,"[0.21785961136221885, -0.032235097885132014]",COMPLETE
68,0.8422332797050477,2026-07-31 16:30:18.205762,2026-07-31 16:50:06.324686,0 days 00:19:48.118924,1.068758061944173,1.6432731747622646,1.3787677618746677,2.501093802829644,3.9536921003364505,0.9136745520019637,2.381261167526245,3.6729107952117914,"{""Prosody"": {""alignment"": 0.9406553554534912, ""uniformity"": -0.2165573501586914, ""effective_rank"": 3.1850596141815184, ""weight_entropy_ratio"": 0.6532308769345224}, ""Vocal_Tract"": {""alignment"": 0.9736308479309081, ""uniformity"": -0.09189623564481736, ""effective_rank"": 2.4428899002075197, ""weight_entropy_ratio"": 0.9118603844470288}, ""Timbre"": {""alignment"": 0.6564447069168091, ""uniformity"": -1.3161589527130126, ""effective_rank"": 5.444199600219727, ""weight_entropy_ratio"": 0.8155917156053595}, ""Voice_Quality"": {""alignment"": 0.9764854240417481, ""uniformity"": -0.08363187536597252, ""effective_rank"": 2.381261167526245, ""weight_entropy_ratio"": 0.9149540304893833}, ""Scene"": {""alignment"": 0.6639500641822815, ""uniformity"": -1.0808232808113098, ""effective_rank"": 4.91114369392395, ""weight_entropy_ratio"": 0.8341526780376383}}",-0.08363187536597252,0.6564447069168091,2.381261167526245,-0.08363187536597252,-0.5578135389387608,0.8259579371027863,"[0.21636812463402746, 0.11873883247375483]",COMPLETE
69,0.8794728002548219,2026-07-31 16:50:14.511543,2026-07-31 17:09:09.964644,0 days 00:18:55.453101,1.763789512117396,1.5261349035043275,1.4767378957832709,1.6511318878497927,2.581007309794034,0.45454038565250265,3.602690353393555,4.432674486160279,"{""Prosody"": {""alignment"": 0.9552862310409546, ""uniformity"": -0.2223671044409275, ""effective_rank"": 3.7456969261169433, ""weight_entropy_ratio"": 0.8141716548666325}, ""Vocal_Tract"": {""alignment"": 0.9508863401412964, ""uniformity"": -0.18071319952607154, ""effective_rank"": 3.6192566204071044, ""weight_entropy_ratio"": 0.8112597442813066}, ""Timbre"": {""alignment"": 0.7626339077949524, ""uniformity"": -1.0707463431358337, ""effective_rank"": 5.753866920471191, ""weight_entropy_ratio"": 0.8267962418190149}, ""Voice_Quality"": {""alignment"": 0.951134672164917, ""uniformity"": -0.17225062370300293, ""effective_rank"": 3.602690353393555, ""weight_entropy_ratio"": 0.830651170516095}, ""Scene"": {""alignment"": 0.7774228501319885, ""uniformity"": -0.9877169513702393, ""effective_rank"": 5.441861610412598, ""weight_entropy_ratio"": 0.7986646965626462}}",-0.17225062370300293,0.7626339077949524,3.602690353393555,-0.17225062370300293,-0.5267588444352149,0.816308701609139,"[0.12774937629699706, -1.1026903533935548]",COMPLETE
70,0.8501910791397094,2026-07-31 17:09:14.393432,2026-07-31 17:28:08.440477,0 days 00:18:54.047045,1.3770841326060137,1.6926600428989687,1.8860146733076693,2.061164399796162,3.062736317158306,0.7377913397589968,2.6373870468139646,3.8700524396896365,"{""Prosody"": {""alignment"": 0.8944300198554993, ""uniformity"": -0.413898868560791, ""effective_rank"": 3.297991313934326, ""weight_entropy_ratio"": 0.7310947041673518}, ""Vocal_Tract"": {""alignment"": 0.9542548751831055, ""uniformity"": -0.15512394431978463, ""effective_rank"": 2.7798013257980347, ""weight_entropy_ratio"": 0.8638295397751334}, ""Timbre"": {""alignment"": 0.6870011639595032, ""uniformity"": -1.000055991411209, ""effective_rank"": 5.521417465209961, ""weight_entropy_ratio"": 0.908713338522876}, ""Voice_Quality"": {""alignment"": 0.9665664291381836, ""uniformity"": -0.11758013624697923, ""effective_rank"": 2.6373870468139646, ""weight_entropy_ratio"": 0.8736752451248511}, ""Scene"": {""alignment"": 0.7487029075622559, ""uniformity"": -0.8809789574146271, ""effective_rank"": 5.113665046691895, ""weight_entropy_ratio"": 0.8386027602602136}}",-0.11758013624697923,0.6870011639595032,2.6373870468139646,-0.11758013624697923,-0.5135275795906783,0.8431831175700851,"[0.18241986375302077, -0.13738704681396463]",COMPLETE
71,0.8521023120880126,2026-07-31 17:28:13.130771,2026-07-31 17:44:46.592464,0 days 00:16:33.461693,1.125218032773035,1.578401401729155,1.1750196800625061,1.6997809743749326,3.9295728123997837,0.7735286146099407,2.3417742538452146,3.704872240066528,"{""Prosody"": {""alignment"": 0.9615958094596863, ""uniformity"": -0.14189323037862778, ""effective_rank"": 2.6172616386413576, ""weight_entropy_ratio"": 0.6584811977840443}, ""Vocal_Tract"": {""alignment"": 0.9728600263595581, ""uniformity"": -0.09705973878502845, ""effective_rank"": 2.3417742538452146, ""weight_entropy_ratio"": 0.8203234897428751}, ""Timbre"": {""alignment"": 0.6865849280357361, ""uniformity"": -1.4160571670532227, ""effective_rank"": 5.7759906196594235, ""weight_entropy_ratio"": 0.7353924221338876}, ""Voice_Quality"": {""alignment"": 0.9691122698783875, ""uniformity"": -0.10767537802457809, ""effective_rank"": 2.3939345836639405, ""weight_entropy_ratio"": 0.9177238889644714}, ""Scene"": {""alignment"": 0.6703585267066956, ""uniformity"": -1.1329532289505004, ""effective_rank"": 5.395400104522705, ""weight_entropy_ratio"": 0.821973957885724}}",-0.09705973878502845,0.6703585267066956,2.3417742538452146,-0.09705973878502845,-0.5791277486383914,0.7907789913022006,"[0.2081067696213722, 0.15822574615478535]",COMPLETE
72,0.8590358428955078,2026-07-31 17:44:54.823938,2026-07-31 18:03:11.462158,0 days 00:18:16.638220,1.1412641082377364,1.6134919960811545,1.1983202122339203,1.7654489684044288,3.8853678737699426,0.6896899334946773,2.2831625652313234,3.750766580581665,"{""Prosody"": {""alignment"": 0.9814994907379151, ""uniformity"": -0.06627241112291812, ""effective_rank"": 2.3457471179962157, ""weight_entropy_ratio"": 0.669630213348558}, ""Vocal_Tract"": {""alignment"": 0.9804996681213379, ""uniformity"": -0.06866141006350518, ""effective_rank"": 2.3610816287994383, ""weight_entropy_ratio"": 0.8278432629851804}, ""Timbre"": {""alignment"": 0.6685669875144958, ""uniformity"": -1.502444257736206, ""effective_rank"": 6.204775409698486, ""weight_entropy_ratio"": 0.7477825781038305}, ""Voice_Quality"": {""alignment"": 0.983736367225647, ""uniformity"": -0.05860029645264149, ""effective_rank"": 2.2831625652313234, ""weight_entropy_ratio"": 0.9116911179395106}, ""Scene"": {""alignment"": 0.6808767008781433, ""uniformity"": -1.1825841522216798, ""effective_rank"": 5.559066181182861, ""weight_entropy_ratio"": 0.8198066371691073}}",-0.05860029645264149,0.6685669875144958,2.2831625652313234,-0.05860029645264149,-0.57571250551939,0.7953507619092374,"[0.2837275888770818, 0.21683743476867656]",COMPLETE
73,0.814124198436737,2026-07-31 18:03:17.771436,2026-07-31 18:21:54.458068,0 days 00:18:36.686632,1.1638514400163895,1.567133208714751,1.119865814821265,1.8958562158601795,3.7618287587621535,0.8166365372343317,1.9848370599746703,3.2906779623031617,"{""Prosody"": {""alignment"": 0.7802964448928833, ""uniformity"": -0.8931427264213562, ""effective_rank"": 3.1329595947265627, ""weight_entropy_ratio"": 0.6782500669697246}, ""Vocal_Tract"": {""alignment"": 0.9373187923431396, ""uniformity"": -0.20914203226566314, ""effective_rank"": 2.218877191543579, ""weight_entropy_ratio"": 0.8508911666558212}, ""Timbre"": {""alignment"": 0.6931693434715271, ""uniformity"": -1.1778387355804443, ""effective_rank"": 4.632694520950317, ""weight_entropy_ratio"": 0.7218773975042487}, ""Voice_Quality"": {""alignment"": 0.9671720838546753, ""uniformity"": -0.11265943475067615, ""effective_rank"": 1.9848370599746703, ""weight_entropy_ratio"": 0.9101576258987825}, ""Scene"": {""alignment"": 0.6926643276214599, ""uniformity"": -0.9794842028617858, ""effective_rank"": 4.484021444320678, ""weight_entropy_ratio"": 0.8186718200508944}}",-0.11265943475067615,0.6926643276214599,1.9848370599746703,-0.11265943475067615,-0.6744534263759852,0.7959696154158944,"[0.18734056524932385, 0.5151629400253297]",COMPLETE
74,0.82039923286438,2026-07-31 18:21:59.620010,2026-07-31 18:40:32.014417,0 days 00:18:32.394407,1.0295772844802191,1.4478537746111155,1.352785277277053,1.5897814000769483,4.002541508913409,0.6709669375139645,1.8973035097122193,3.8389620265960698,"{""Prosody"": {""alignment"": 0.7450993752479553, ""uniformity"": -1.0773741936683654, ""effective_rank"": 4.343444623947144, ""weight_entropy_ratio"": 0.620957522767777}, ""Vocal_Tract"": {""alignment"": 0.9883846616744996, ""uniformity"": -0.043919074535369876, ""effective_rank"": 2.0295148038864137, ""weight_entropy_ratio"": 0.7942431315664852}, ""Timbre"": {""alignment"": 0.6635129141807556, ""uniformity"": -1.3344307708740235, ""effective_rank"": 5.526372261047364, ""weight_entropy_ratio"": 0.7930468236752928}, ""Voice_Quality"": {""alignment"": 0.9920103359222412, ""uniformity"": -0.03029671683907509, ""effective_rank"": 1.8973035097122193, ""weight_entropy_ratio"": 0.9162523503621928}, ""Scene"": {""alignment"": 0.7129888772964478, ""uniformity"": -1.0662862706184386, ""effective_rank"": 5.398174934387207, ""weight_entropy_ratio"": 0.7927502459016698}}",-0.03029671683907509,0.6635129141807556,1.8973035097122193,-0.03029671683907509,-0.7104614053070546,0.7834500148546835,"[0.2697032831609249, 0.6026964902877807]",COMPLETE
75,0.9940137848854066,2026-07-31 18:40:40.128747,2026-07-31 18:59:25.701077,0 days 00:18:45.572330,1.07888074542252,1.3826784979174345,1.2503771161992803,1.7280646022076005,3.614899911600978,0.05405236616699477,1.429765272140503,1.7384742517471314,"{""Prosody"": {""alignment"": 0.9977975034713745, ""uniformity"": -0.008790559805929661, ""effective_rank"": 1.4313769578933715, ""weight_entropy_ratio"": 0.6384053788316648}, ""Vocal_Tract"": {""alignment"": 0.997839651107788, ""uniformity"": -0.008685901742428542, ""effective_rank"": 1.430943169593811, ""weight_entropy_ratio"": 0.8202326668998167}, ""Timbre"": {""alignment"": 0.9888822436332703, ""uniformity"": -0.11598470568656921, ""effective_rank"": 2.182626361846924, ""weight_entropy_ratio"": 0.7605824208948414}, ""Voice_Quality"": {""alignment"": 0.9977913856506347, ""uniformity"": -0.008708498869091273, ""effective_rank"": 1.429765272140503, ""weight_entropy_ratio"": 0.9031996712499405}, ""Scene"": {""alignment"": 0.9877581405639648, ""uniformity"": -0.12265369743108749, ""effective_rank"": 2.2176594972610473, ""weight_entropy_ratio"": 0.7731364294957562}}",-0.008685901742428542,0.9877581405639648,1.429765272140503,-0.008685901742428542,-0.05296467270702124,0.779111313474404,"[0.3412094401940703, 1.070234727859497]",COMPLETE
76,0.787785789012909,2026-07-31 18:59:30.959862,2026-07-31 19:17:59.279838,0 days 00:18:28.319976,1.0212830628984837,1.5954028544209875,1.2927430477774398,2.1507228179743616,2.8885206450799217,0.7133695386912333,2.797324800491333,4.809283168792724,"{""Prosody"": {""alignment"": 0.6680630326271058, ""uniformity"": -1.5177289581298827, ""effective_rank"": 6.045415668487549, ""weight_entropy_ratio"": 0.6260427111753749}, ""Vocal_Tract"": {""alignment"": 0.9546160006523132, ""uniformity"": -0.15103142961859703, ""effective_rank"": 3.0148508739471436, ""weight_entropy_ratio"": 0.8838715289045558}, ""Timbre"": {""alignment"": 0.6556200861930848, ""uniformity"": -1.4676101112365723, ""effective_rank"": 6.447299537658691, ""weight_entropy_ratio"": 0.7866141508586846}, ""Voice_Quality"": {""alignment"": 0.9669246411323548, ""uniformity"": -0.11511962965130806, ""effective_rank"": 2.797324800491333, ""weight_entropy_ratio"": 0.8654139503375764}, ""Scene"": {""alignment"": 0.6937051844596863, ""uniformity"": -1.156826195716858, ""effective_rank"": 5.7415249633789065, ""weight_entropy_ratio"": 0.8333771931642525}}",-0.11511962965130806,0.6556200861930848,2.797324800491333,-0.11511962965130806,-0.8816632648706437,0.7990639068880887,"[0.18488037034869192, -0.2973248004913329]",COMPLETE
77,0.8724020304679871,2026-07-31 19:18:04.519562,2026-07-31 19:34:32.966877,0 days 00:16:28.447315,1.316694707966695,1.2274382384569247,1.4023262194598105,1.827505745084086,3.4398546762030633,0.626974209491845,2.199553666114807,3.2494698724746707,"{""Prosody"": {""alignment"": 0.9826857495307922, ""uniformity"": -0.06592359289526939, ""effective_rank"": 2.2025239086151123, ""weight_entropy_ratio"": 0.7156899511977162}, ""Vocal_Tract"": {""alignment"": 0.9826617026329041, ""uniformity"": -0.06565450742840767, ""effective_rank"": 2.199553666114807, ""weight_entropy_ratio"": 0.8353158282368051}, ""Timbre"": {""alignment"": 0.7008467936515808, ""uniformity"": -1.146353964805603, ""effective_rank"": 4.912495288848877, ""weight_entropy_ratio"": 0.815384800558392}, ""Voice_Quality"": {""alignment"": 0.9824339628219605, ""uniformity"": -0.06660616025328636, ""effective_rank"": 2.2066911697387694, ""weight_entropy_ratio"": 0.9010026754923246}, ""Scene"": {""alignment"": 0.7133819437026978, ""uniformity"": -1.131540355682373, ""effective_rank"": 4.7260853290557865, ""weight_entropy_ratio"": 0.7268581155883288}}",-0.06565450742840767,0.7008467936515808,2.199553666114807,-0.06565450742840767,-0.4952157162129879,0.7988502742147132,"[0.2840764071047306, 0.3004463338851928]",COMPLETE
78,0.7640862498283386,2026-07-31 19:34:38.349969,2026-07-31 19:53:50.304591,0 days 00:19:11.954622,1.221109549318555,1.5086611763308613,1.1409144597690832,2.0973718020853114,4.098191579343982,0.8654500580957301,2.8760830307006837,5.245877643585206,"{""Prosody"": {""alignment"": 0.6076711726188659, ""uniformity"": -1.7067785835266114, ""effective_rank"": 6.664235343933106, ""weight_entropy_ratio"": 0.6887533189306748}, ""Vocal_Tract"": {""alignment"": 0.969051387310028, ""uniformity"": -0.11380399867892266, ""effective_rank"": 3.018748378753662, ""weight_entropy_ratio"": 0.8792134843077046}, ""Timbre"": {""alignment"": 0.6333587956428528, ""uniformity"": -1.615346736907959, ""effective_rank"": 7.268731479644775, ""weight_entropy_ratio"": 0.7256600491079862}, ""Voice_Quality"": {""alignment"": 0.9753830790519714, ""uniformity"": -0.08947280183434486, ""effective_rank"": 2.8760830307006837, ""weight_entropy_ratio"": 0.9238289025555008}, ""Scene"": {""alignment"": 0.6349668145179749, ""uniformity"": -1.3217419505119323, ""effective_rank"": 6.401589984893799, ""weight_entropy_ratio"": 0.8119535882646702}}",-0.08947280183434486,0.6076711726188659,2.8760830307006837,-0.08947280183434486,-0.9694288142919539,0.8058818686333075,"[0.21052719816565513, -0.3760830307006837]",COMPLETE
79,0.8119120650291443,2026-07-31 19:53:59.783106,2026-07-31 20:12:53.181266,0 days 00:18:53.398160,1.8768211341838956,1.541720307742598,1.190744846689525,2.196353958864496,3.8373949309041397,0.763552882131557,2.500289421081543,3.9399218139648435,"{""Prosody"": {""alignment"": 0.7433323240280152, ""uniformity"": -0.9594515705108643, ""effective_rank"": 4.203936891555786, ""weight_entropy_ratio"": 0.8347435639920806}, ""Vocal_Tract"": {""alignment"": 0.9645812582969665, ""uniformity"": -0.12954765558242798, ""effective_rank"": 2.659720468521118, ""weight_entropy_ratio"": 0.8830051268135631}, ""Timbre"": {""alignment"": 0.6847615194320679, ""uniformity"": -1.385169358253479, ""effective_rank"": 5.401881809234619, ""weight_entropy_ratio"": 0.7461526628962188}, ""Voice_Quality"": {""alignment"": 0.9729684209823608, ""uniformity"": -0.10015044078230857, ""effective_rank"": 2.500289421081543, ""weight_entropy_ratio"": 0.909245744482622}, ""Scene"": {""alignment"": 0.693916802406311, ""uniformity"": -1.116783425807953, ""effective_rank"": 4.933780479431152, ""weight_entropy_ratio"": 0.8021777085718493}}",-0.10015044078230857,0.6847615194320679,2.500289421081543,-0.10015044078230857,-0.7382204901874065,0.8350649613512666,"[0.19984955921769143, -0.000289421081542951]",COMPLETE
