number,value,datetime_start,datetime_complete,duration,params_alpha_mult_Prosody,params_alpha_mult_Scene,params_alpha_mult_Timbre,params_alpha_mult_Vocal_Tract,params_alpha_mult_Voice_Quality,params_tau,user_attrs_effective_rank,user_attrs_effective_rank_avg,user_attrs_group_breakdown,user_attrs_max_group_uniformity,user_attrs_min_group_alignment,user_attrs_min_group_rank,user_attrs_uniformity,user_attrs_uniformity_avg,user_attrs_weight_entropy_ratio,system_attrs_constraints,state
0,0.9402293853759766,2026-07-27 22:42:32.141001,2026-07-27 23:01:01.117923,0 days 00:18:28.976922,1.7359285983328911,0.7027928764370635,1.2782560294561476,1.4515921243548267,0.7028242325751675,0.40581311290499433,1.8749553871154785,3.1475506973266603,"{""Prosody"": {""alignment"": 0.990724287033081, ""uniformity"": -0.03708278054371476, ""effective_rank"": 1.8899128389358522, ""weight_entropy_ratio"": 0.8028102482295129}, ""Vocal_Tract"": {""alignment"": 0.9905947041511536, ""uniformity"": -0.03641728425398469, ""effective_rank"": 1.8749553871154785, ""weight_entropy_ratio"": 0.7676473939800139}, ""Timbre"": {""alignment"": 0.880659613609314, ""uniformity"": -0.953058865070343, ""effective_rank"": 4.997122325897217, ""weight_entropy_ratio"": 0.7683450773962346}, ""Voice_Quality"": {""alignment"": 0.9907254147529602, ""uniformity"": -0.03676409581676125, ""effective_rank"": 1.8851940107345582, ""weight_entropy_ratio"": 0.5393521451980487}, ""Scene"": {""alignment"": 0.848442907333374, ""uniformity"": -1.0106968951225281, ""effective_rank"": 5.090568923950196, ""weight_entropy_ratio"": 0.4781753620962156}}",-0.03641728425398469,0.848442907333374,1.8749553871154785,-0.03641728425398469,-0.41480398416146635,0.6712660453800051,"[0.3129172194562852, 0.6250446128845215]",COMPLETE
1,0.9947099161148071,2026-07-27 23:01:05.986524,2026-07-27 23:19:11.059144,0 days 00:18:05.072620,1.6260289895074158,1.7608828078105927,1.4204943511348591,1.2814495152661713,0.5267598425845432,0.10517943155978948,1.6109793710708618,1.8898920354843136,"{""Prosody"": {""alignment"": 0.995767731666565, ""uniformity"": -0.017233833521604538, ""effective_rank"": 1.6109793710708618, ""weight_entropy_ratio"": 0.7850545608025318}, ""Vocal_Tract"": {""alignment"": 0.9956004810333252, ""uniformity"": -0.017206889353692533, ""effective_rank"": 1.6121962642669678, ""weight_entropy_ratio"": 0.7149578026566988}, ""Timbre"": {""alignment"": 0.9911926651000976, ""uniformity"": -0.1586744838953018, ""effective_rank"": 2.29543746471405, ""weight_entropy_ratio"": 0.8191696043622018}, ""Voice_Quality"": {""alignment"": 0.9956719398498535, ""uniformity"": -0.017326014153659343, ""effective_rank"": 1.6130000734329224, ""weight_entropy_ratio"": 0.4697804490608051}, ""Scene"": {""alignment"": 0.9953167629241944, ""uniformity"": -0.15397144496440887, ""effective_rank"": 2.317847003936768, ""weight_entropy_ratio"": 0.8519701577757908}}",-0.017206889353692533,0.9911926651000976,1.6109793710708618,-0.017206889353692533,-0.07288253317773342,0.7281865149316056,"[0.33276616647839546, 0.8890206289291382]",COMPLETE
2,0.8823922324180604,2026-07-27 23:19:15.362581,2026-07-27 23:37:26.567515,0 days 00:18:11.204934,0.776040843881759,1.1821833611219092,0.738425862809464,0.7363724573692308,0.8955149158473991,0.8408205087604007,2.107211079597473,3.2997306203842163,"{""Prosody"": {""alignment"": 0.9673524618148803, ""uniformity"": -0.10905048236250878, ""effective_rank"": 2.153035578727722, ""weight_entropy_ratio"": 0.5042634912110487}, ""Vocal_Tract"": {""alignment"": 0.9695626902580261, ""uniformity"": -0.10562865473330021, ""effective_rank"": 2.13821729183197, ""weight_entropy_ratio"": 0.47132806160564544}, ""Timbre"": {""alignment"": 0.7178148078918457, ""uniformity"": -1.5490166187286376, ""effective_rank"": 5.30312671661377, ""weight_entropy_ratio"": 0.4755215221668525}, ""Voice_Quality"": {""alignment"": 0.96957843542099, ""uniformity"": -0.09807846873998642, ""effective_rank"": 2.107211079597473, ""weight_entropy_ratio"": 0.5965862071034816}, ""Scene"": {""alignment"": 0.7876527667045593, ""uniformity"": -1.271243851184845, ""effective_rank"": 4.7970624351501465, ""weight_entropy_ratio"": 0.7142200468864016}}",-0.09807846873998642,0.7178148078918457,2.107211079597473,-0.09807846873998642,-0.6266036151498556,0.552383865794686,"[0.2409495176374912, 0.392788920402527]",COMPLETE
3,0.8753681921958923,2026-07-27 23:37:30.654957,2026-07-27 23:55:40.862561,0 days 00:18:10.207604,0.8785978822574545,0.9762703962817992,0.6813420188476544,1.2954087631390934,0.8797880430957836,0.46034776771000996,3.1895656108856203,4.070680822372437,"{""Prosody"": {""alignment"": 0.8724459791183472, ""uniformity"": -0.6557089138031006, ""effective_rank"": 3.89455174446106, ""weight_entropy_ratio"": 0.5551775968873052}, ""Vocal_Tract"": {""alignment"": 0.9389826560020447, ""uniformity"": -0.22740428581833838, ""effective_rank"": 3.290011053085327, ""weight_entropy_ratio"": 0.7247009620029634}, ""Timbre"": {""alignment"": 0.766212477684021, ""uniformity"": -1.3361326789855956, ""effective_rank"": 5.227175655364991, ""weight_entropy_ratio"": 0.4214832448853953}, ""Voice_Quality"": {""alignment"": 0.9433983373641968, ""uniformity"": -0.18339916199445724, ""effective_rank"": 3.1895656108856203, ""weight_entropy_ratio"": 0.5869813962418756}, ""Scene"": {""alignment"": 0.8558015108108521, ""uniformity"": -1.1000402426719667, ""effective_rank"": 4.752100048065185, ""weight_entropy_ratio"": 0.6200605640393917}}",-0.18339916199445724,0.766212477684021,3.1895656108856203,-0.18339916199445724,-0.7005370566546917,0.5816807528113863,"[0.11660083800554275, -0.6895656108856203]",COMPLETE
4,0.8815016188621522,2026-07-27 23:55:48.115093,2026-07-28 00:14:00.527340,0 days 00:18:12.412247,1.5207287498109177,0.5603855365359971,1.1685047699376951,0.7595759168058677,1.2701389395206553,0.4832664850061841,2.901621227264404,3.8813071250915527,"{""Prosody"": {""alignment"": 0.9332074570655823, ""uniformity"": -0.5256305468082428, ""effective_rank"": 3.1733868408203123, ""weight_entropy_ratio"": 0.7603111884420719}, ""Vocal_Tract"": {""alignment"": 0.8858127164840698, ""uniformity"": -0.4034397840499878, ""effective_rank"": 3.0183136749267576, ""weight_entropy_ratio"": 0.4808532594791161}, ""Timbre"": {""alignment"": 0.8366060924530029, ""uniformity"": -1.04328617811203, ""effective_rank"": 5.312885456085205, ""weight_entropy_ratio"": 0.7329712384850859}, ""Voice_Quality"": {""alignment"": 0.8929312348365783, ""uniformity"": -0.3300820803642273, ""effective_rank"": 2.901621227264404, ""weight_entropy_ratio"": 0.6778463280470386}, ""Scene"": {""alignment"": 0.8589505934715271, ""uniformity"": -1.0042800307273865, ""effective_rank"": 5.000328426361084, ""weight_entropy_ratio"": 0.3746598086232482}}",-0.3300820803642273,0.8366060924530029,2.901621227264404,-0.3300820803642273,-0.6613437240123748,0.6053283646153121,"[-0.030082080364227326, -0.4016212272644042]",COMPLETE
5,0.9468495054244995,2026-07-28 00:14:06.967806,2026-07-28 00:32:29.419595,0 days 00:18:22.451789,0.721681360793479,1.5509165525513995,1.7335511984293333,0.5845670708808633,1.7553216429969272,0.6271676093063665,2.1210240077972413,2.9961188268661503,"{""Prosody"": {""alignment"": 0.9812942528724671, ""uniformity"": -0.07953483112156391, ""effective_rank"": 2.170905055999756, ""weight_entropy_ratio"": 0.47780570044194975}, ""Vocal_Tract"": {""alignment"": 0.9787208199501037, ""uniformity"": -0.07347437642514705, ""effective_rank"": 2.1263753747940064, ""weight_entropy_ratio"": 0.36669491091686324}, ""Timbre"": {""alignment"": 0.9019407558441163, ""uniformity"": -0.7047630453109741, ""effective_rank"": 4.232324237823486, ""weight_entropy_ratio"": 0.8876806284000928}, ""Voice_Quality"": {""alignment"": 0.9796858167648316, ""uniformity"": -0.0726539234817028, ""effective_rank"": 2.1210240077972413, ""weight_entropy_ratio"": 0.7415886383679883}, ""Scene"": {""alignment"": 0.892605881690979, ""uniformity"": -0.8081099104881286, ""effective_rank"": 4.32996545791626, ""weight_entropy_ratio"": 0.8057509430521715}}",-0.0726539234817028,0.892605881690979,2.1210240077972413,-0.0726539234817028,-0.34770721736550336,0.655904164235813,"[0.2704651688784361, 0.3789759922027587]",COMPLETE
6,0.9529421682357789,2026-07-28 00:32:35.307100,2026-07-28 00:50:45.423491,0 days 00:18:10.116391,0.6269737482082991,1.1437299831446512,1.0721982418614817,1.389502934465804,0.6586497052982125,0.33938308071470213,2.0571303939819336,3.1594448289871218,"{""Prosody"": {""alignment"": 0.9899542140960693, ""uniformity"": -0.04234415583312511, ""effective_rank"": 2.0957043075561526, ""weight_entropy_ratio"": 0.4168104801607759}, ""Vocal_Tract"": {""alignment"": 0.98921147108078, ""uniformity"": -0.04125270064920187, ""effective_rank"": 2.0718891763687135, ""weight_entropy_ratio"": 0.7449894735661414}, ""Timbre"": {""alignment"": 0.8978393411636353, ""uniformity"": -0.7066765213012696, ""effective_rank"": 4.830355892181396, ""weight_entropy_ratio"": 0.695937786307144}, ""Voice_Quality"": {""alignment"": 0.989334979057312, ""uniformity"": -0.04009946055710316, ""effective_rank"": 2.0571303939819336, ""weight_entropy_ratio"": 0.5220166213179434}, ""Scene"": {""alignment"": 0.8983708357810974, ""uniformity"": -0.702049833536148, ""effective_rank"": 4.742144374847412, ""weight_entropy_ratio"": 0.6987682424497269}}",-0.04009946055710316,0.8978393411636353,2.0571303939819336,-0.04009946055710316,-0.30648453437536954,0.6157045207603463,"[0.30765584416687486, 0.44286960601806635]",COMPLETE
7,0.9947972598075867,2026-07-28 00:50:51.218816,2026-07-28 01:09:08.722644,0 days 00:18:17.503828,1.6821165227024166,1.176088427531154,1.3612789696601766,0.836413976080022,0.9052243989162343,0.08266909505945748,1.6554502820968628,1.9353024616241459,"{""Prosody"": {""alignment"": 0.995800929069519, ""uniformity"": -0.016911352425813674, ""effective_rank"": 1.6651457405090333, ""weight_entropy_ratio"": 0.7995480860723927}, ""Vocal_Tract"": {""alignment"": 0.9958581638336181, ""uniformity"": -0.016901272013783455, ""effective_rank"": 1.6554502820968628, ""weight_entropy_ratio"": 0.5370696898339186}, ""Timbre"": {""alignment"": 0.9922909736633301, ""uniformity"": -0.15562007635831832, ""effective_rank"": 2.32292103767395, ""weight_entropy_ratio"": 0.8068983188908072}, ""Voice_Quality"": {""alignment"": 0.9955555438995362, ""uniformity"": -0.016893473751842976, ""effective_rank"": 1.6572512292861938, ""weight_entropy_ratio"": 0.585837954210645}, ""Scene"": {""alignment"": 0.99448068857193, ""uniformity"": -0.18270627290010452, ""effective_rank"": 2.3757440185546876, ""weight_entropy_ratio"": 0.7053113496009632}}",-0.016893473751842976,0.9922909736633301,1.6554502820968628,-0.016893473751842976,-0.07780648948997258,0.6869330797217453,"[0.3330886475741863, 0.8445497179031372]",COMPLETE
8,0.8968907971382142,2026-07-28 01:09:14.144060,2026-07-28 01:27:29.665191,0 days 00:18:15.521131,0.7403107921831852,1.6632755555559435,1.507672670369449,1.760460016093926,1.721348624033446,0.5693747653761156,2.5644571685791018,3.714890419006348,"{""Prosody"": {""alignment"": 0.8421816635131836, ""uniformity"": -0.8969202351570129, ""effective_rank"": 3.3931805896759033, ""weight_entropy_ratio"": 0.48657111299347244}, ""Vocal_Tract"": {""alignment"": 0.9587194919586182, ""uniformity"": -0.16887882858514786, ""effective_rank"": 2.601666498184204, ""weight_entropy_ratio"": 0.8312000298727589}, ""Timbre"": {""alignment"": 0.8351152491569519, ""uniformity"": -1.0935154914855958, ""effective_rank"": 5.1618656539917, ""weight_entropy_ratio"": 0.8424497453824812}, ""Voice_Quality"": {""alignment"": 0.9631567311286926, ""uniformity"": -0.13122049435973168, ""effective_rank"": 2.5644571685791018, ""weight_entropy_ratio"": 0.7484341561003166}, ""Scene"": {""alignment"": 0.8852808499336242, ""uniformity"": -0.8679044938087463, ""effective_rank"": 4.85328218460083, ""weight_entropy_ratio"": 0.8296356083000798}}",-0.13122049435973168,0.8351152491569519,2.5644571685791018,-0.13122049435973168,-0.631687908679247,0.7476581305298217,"[0.1687795056402683, -0.06445716857910178]",COMPLETE
9,0.8743465046882629,2026-07-28 01:27:35.755402,2026-07-28 01:45:46.368800,0 days 00:18:10.613398,1.6984365055300519,0.9229294299922437,0.7547777211448887,0.6150402526674954,0.5587954755836995,0.6180049798705309,2.7553197860717775,3.7545294723510745,"{""Prosody"": {""alignment"": 0.9384696793556213, ""uniformity"": -0.227480466067791, ""effective_rank"": 2.9110141468048094, ""weight_entropy_ratio"": 0.7922313262951053}, ""Vocal_Tract"": {""alignment"": 0.9446436929702758, ""uniformity"": -0.21818891286849976, ""effective_rank"": 2.8838798427581787, ""weight_entropy_ratio"": 0.3894787281295206}, ""Timbre"": {""alignment"": 0.7723654484748841, ""uniformity"": -1.3134356427192688, ""effective_rank"": 5.219128093719482, ""weight_entropy_ratio"": 0.4932006695330741}, ""Voice_Quality"": {""alignment"": 0.9448469805717469, ""uniformity"": -0.19102648496627808, ""effective_rank"": 2.7553197860717775, ""weight_entropy_ratio"": 0.47896510443189966}, ""Scene"": {""alignment"": 0.7714067220687866, ""uniformity"": -1.2624254202842713, ""effective_rank"": 5.003305492401123, ""weight_entropy_ratio"": 0.61695677158215}}",-0.19102648496627808,0.7714067220687866,2.7553197860717775,-0.19102648496627808,-0.6425113853812218,0.5541665199943498,"[0.12251953393220899, -0.2553197860717775]",COMPLETE
10,0.8886910452842713,2026-07-28 01:45:50.773189,2026-07-28 02:04:04.541861,0 days 00:18:13.768672,1.3772361882463116,0.550342759949538,1.0546517084516756,0.9793474045374266,1.369792941046717,0.9478797170188673,2.3271176385879517,3.390692202568054,"{""Prosody"": {""alignment"": 0.9737508392333984, ""uniformity"": -0.09399505347013473, ""effective_rank"": 2.3829788160324097, ""weight_entropy_ratio"": 0.7264571963930103}, ""Vocal_Tract"": {""alignment"": 0.9754644179344177, ""uniformity"": -0.0922588674724102, ""effective_rank"": 2.370916819572449, ""weight_entropy_ratio"": 0.6057883447842557}, ""Timbre"": {""alignment"": 0.7709802079200745, ""uniformity"": -1.4386362600326539, ""effective_rank"": 5.1147917366027835, ""weight_entropy_ratio"": 0.6735000279043212}, ""Voice_Quality"": {""alignment"": 0.9775398683547973, ""uniformity"": -0.08668950006365776, ""effective_rank"": 2.3271176385879517, ""weight_entropy_ratio"": 0.696253100881398}, ""Scene"": {""alignment"": 0.7457198929786683, ""uniformity"": -1.3342098951339723, ""effective_rank"": 4.757656002044678, ""weight_entropy_ratio"": 0.3747962811260255}}",-0.08668950006365776,0.7457198929786683,2.3271176385879517,-0.08668950006365776,-0.6091579152345656,0.615358990217802,"[0.2560049465298653, 0.17288236141204827]",COMPLETE
11,0.9288728733062743,2026-07-28 02:04:09.145109,2026-07-28 02:22:35.148847,0 days 00:18:26.003738,1.0101887597334223,0.8682629661358159,0.5171297522023426,1.026369181989338,1.2287064458409862,0.3405304452728885,2.1344655895233156,3.6002309885025023,"{""Prosody"": {""alignment"": 0.9818424296379089, ""uniformity"": -0.07645595781505107, ""effective_rank"": 2.2963361883163453, ""weight_entropy_ratio"": 0.6097303903969968}, ""Vocal_Tract"": {""alignment"": 0.9851038932800293, ""uniformity"": -0.059382613264024255, ""effective_rank"": 2.1522519302368166, ""weight_entropy_ratio"": 0.6295566439118819}, ""Timbre"": {""alignment"": 0.8081834888458252, ""uniformity"": -1.1788151335716248, ""effective_rank"": 6.082061233520508, ""weight_entropy_ratio"": 0.2814700679979835}, ""Voice_Quality"": {""alignment"": 0.9847457695007324, ""uniformity"": -0.05713638946413994, ""effective_rank"": 2.1344655895233156, ""weight_entropy_ratio"": 0.6593022563571467}, ""Scene"": {""alignment"": 0.8844887852668762, ""uniformity"": -0.9418644690513611, ""effective_rank"": 5.336040000915528, ""weight_entropy_ratio"": 0.5817226162102505}}",-0.05713638946413994,0.8081834888458252,2.1344655895233156,-0.05713638946413994,-0.4627309126332403,0.5523563949748518,"[0.2735440421849489, 0.36553441047668445]",COMPLETE
12,0.911008394241333,2026-07-28 02:22:40.748280,2026-07-28 02:40:52.816161,0 days 00:18:12.067881,1.1896982952282376,0.5076642365397559,0.9137721251622505,1.1547036884337956,1.4413667745046754,0.4606992436175186,2.267292580604553,3.3119126033782957,"{""Prosody"": {""alignment"": 0.9797967052459717, ""uniformity"": -0.09018344536423684, ""effective_rank"": 2.274130148887634, ""weight_entropy_ratio"": 0.6811651425551571}, ""Vocal_Tract"": {""alignment"": 0.9747666525840759, ""uniformity"": -0.0888739338517189, ""effective_rank"": 2.267784776687622, ""weight_entropy_ratio"": 0.6803383961891362}, ""Timbre"": {""alignment"": 0.8008767390251159, ""uniformity"": -1.1726384973526, ""effective_rank"": 5.078904361724853, ""weight_entropy_ratio"": 0.6103059301291043}, ""Voice_Quality"": {""alignment"": 0.9744925689697266, ""uniformity"": -0.0886512602865696, ""effective_rank"": 2.267292580604553, ""weight_entropy_ratio"": 0.7009881850335705}, ""Scene"": {""alignment"": 0.8251093053817748, ""uniformity"": -1.0557966327667236, ""effective_rank"": 4.671451148986816, ""weight_entropy_ratio"": 0.34007561306959866}}",-0.0886512602865696,0.8008767390251159,2.267292580604553,-0.0886512602865696,-0.4992287539243698,0.6025746533953132,"[0.25981655463576314, 0.2327074193954468]",COMPLETE
13,0.8558372049331665,2026-07-28 02:40:58.013408,2026-07-28 02:59:08.816249,0 days 00:18:10.802841,1.0038724652831492,0.8701654356523758,0.5342785097275502,1.5679008814121966,1.041524251160282,0.7703327936342643,2.7881740379333495,3.992352144241333,"{""Prosody"": {""alignment"": 0.9205288243293762, ""uniformity"": -0.32377308785915376, ""effective_rank"": 3.281400146484375, ""weight_entropy_ratio"": 0.6080715505411384}, ""Vocal_Tract"": {""alignment"": 0.9458422207832337, ""uniformity"": -0.17999400109052657, ""effective_rank"": 2.7881740379333495, ""weight_entropy_ratio"": 0.7977627290777286}, ""Timbre"": {""alignment"": 0.726176643371582, ""uniformity"": -1.6654205656051635, ""effective_rank"": 5.791126289367676, ""weight_entropy_ratio"": 0.3113605810535821}, ""Voice_Quality"": {""alignment"": 0.9465002822875976, ""uniformity"": -0.18351911932229995, ""effective_rank"": 2.798970651626587, ""weight_entropy_ratio"": 0.6368836790058789}, ""Scene"": {""alignment"": 0.740138053894043, ""uniformity"": -1.4209093761444092, ""effective_rank"": 5.302089595794678, ""weight_entropy_ratio"": 0.5761004066972966}}",-0.17999400109052657,0.726176643371582,2.7881740379333495,-0.17999400109052657,-0.7547232300043106,0.5860357892751249,"[0.11648088067770004, -0.2881740379333495]",COMPLETE
14,0.8869468145370483,2026-07-28 02:59:13.402485,2026-07-28 03:17:34.710872,0 days 00:18:21.308387,1.336546113779384,0.7026051924093464,1.2191154936871909,1.6200748244554757,1.1130700840993684,0.7587785466477882,2.7298031425476075,3.770968983650207,"{""Prosody"": {""alignment"": 0.9443185901641846, ""uniformity"": -0.23120678782463075, ""effective_rank"": 2.956061143875122, ""weight_entropy_ratio"": 0.7148361101289646}, ""Vocal_Tract"": {""alignment"": 0.9556137800216675, ""uniformity"": -0.1692132294178009, ""effective_rank"": 2.7675778341293333, ""weight_entropy_ratio"": 0.8000886726942322}, ""Timbre"": {""alignment"": 0.788171558380127, ""uniformity"": -1.2618962240219116, ""effective_rank"": 5.348135604858398, ""weight_entropy_ratio"": 0.7529419426048353}, ""Voice_Quality"": {""alignment"": 0.9528307604789734, ""uniformity"": -0.15851806819438935, ""effective_rank"": 2.7298031425476075, ""weight_entropy_ratio"": 0.636470560173786}, ""Scene"": {""alignment"": 0.7937993836402893, ""uniformity"": -1.2441800737380981, ""effective_rank"": 5.053267192840576, ""weight_entropy_ratio"": 0.47368056360122524}}",-0.15851806819438935,0.788171558380127,2.7298031425476075,-0.15851806819438935,-0.6130028766393661,0.6756035698406088,"[0.14148193180561064, -0.22980314254760748]",COMPLETE
15,0.8867296171188355,2026-07-28 03:17:39.165094,2026-07-28 03:35:56.099568,0 days 00:18:16.934474,1.4877148361519885,0.707390167798901,0.9297535683809235,1.5592188347063674,1.0986110924254096,0.7443657371882452,2.1341751337051393,3.7316857395172116,"{""Prosody"": {""alignment"": 0.9834390163421631, ""uniformity"": -0.06289678588509559, ""effective_rank"": 2.138645339012146, ""weight_entropy_ratio"": 0.7579329521183529}, ""Vocal_Tract"": {""alignment"": 0.9830272912979126, ""uniformity"": -0.0651630249619484, ""effective_rank"": 2.1569765186309815, ""weight_entropy_ratio"": 0.7939610851715334}, ""Timbre"": {""alignment"": 0.7451936197280884, ""uniformity"": -1.6437811708450318, ""effective_rank"": 6.432368450164795, ""weight_entropy_ratio"": 0.6110889672681988}, ""Voice_Quality"": {""alignment"": 0.9836618494987488, ""uniformity"": -0.06222816288471222, ""effective_rank"": 2.1341751337051393, ""weight_entropy_ratio"": 0.6394466063212717}, ""Scene"": {""alignment"": 0.7383263087272645, ""uniformity"": -1.4496643924713135, ""effective_rank"": 5.796263256072998, ""weight_entropy_ratio"": 0.4801087271558635}}",-0.06222816288471222,0.7383263087272645,2.1341751337051393,-0.06222816288471222,-0.6567467074096203,0.6565076676070442,"[0.28710321411490436, 0.36582486629486066]",COMPLETE
16,0.9798084688186646,2026-07-28 03:36:01.678480,2026-07-28 03:54:18.000216,0 days 00:18:16.321736,1.1523768937445784,1.3465963103549892,1.6053752939883494,1.7868960002112235,1.5148697233266715,0.22501027646664856,1.7002133417129517,2.504560103416443,"{""Prosody"": {""alignment"": 0.9953786063194275, ""uniformity"": -0.018728429488837718, ""effective_rank"": 1.702482852935791, ""weight_entropy_ratio"": 0.6673138383905581}, ""Vocal_Tract"": {""alignment"": 0.9952953934669495, ""uniformity"": -0.018548949267715217, ""effective_rank"": 1.7051085662841796, ""weight_entropy_ratio"": 0.8275441923423824}, ""Timbre"": {""alignment"": 0.9562054705619812, ""uniformity"": -0.3902157783508301, ""effective_rank"": 3.700120086669922, ""weight_entropy_ratio"": 0.8645139647181801}, ""Voice_Quality"": {""alignment"": 0.9951258897781372, ""uniformity"": -0.01859513023868203, ""effective_rank"": 1.7002133417129517, ""weight_entropy_ratio"": 0.7154804212852061}, ""Scene"": {""alignment"": 0.9570369839668273, ""uniformity"": -0.46039835274219515, ""effective_rank"": 3.7148756694793703, ""weight_entropy_ratio"": 0.7623483735615794}}",-0.018548949267715217,0.9562054705619812,1.7002133417129517,-0.018548949267715217,-0.181297328017652,0.7674401580595813,"[0.33127157051116224, 0.7997866582870483]",COMPLETE
17,0.8809680728912354,2026-07-28 03:54:23.802213,2026-07-28 04:12:35.905508,0 days 00:18:12.103295,1.0004582740591026,0.8064997439537548,0.5325964433632923,0.9171052322057622,1.2664780523994872,0.9603329917352466,2.2968134450912476,3.3757216339111324,"{""Prosody"": {""alignment"": 0.9671989417076111, ""uniformity"": -0.11272307142615318, ""effective_rank"": 2.2968134450912476, ""weight_entropy_ratio"": 0.6098468992300109}, ""Vocal_Tract"": {""alignment"": 0.9653090190887451, ""uniformity"": -0.11397991001605988, ""effective_rank"": 2.302345814704895, ""weight_entropy_ratio"": 0.5988667197330009}, ""Timbre"": {""alignment"": 0.735776023864746, ""uniformity"": -1.3907463073730468, ""effective_rank"": 5.138991641998291, ""weight_entropy_ratio"": 0.3028554512053694}, ""Voice_Quality"": {""alignment"": 0.9643276739120483, ""uniformity"": -0.1238531492650509, ""effective_rank"": 2.349163780212402, ""weight_entropy_ratio"": 0.6795900175275723}, ""Scene"": {""alignment"": 0.7722287058830262, ""uniformity"": -1.2605840587615966, ""effective_rank"": 4.7912934875488284, ""weight_entropy_ratio"": 0.5427171272749947}}",-0.11272307142615318,0.735776023864746,2.2968134450912476,-0.11272307142615318,-0.6003772993683815,0.5467752429941897,"[0.2372769285738468, 0.20318655490875237]",COMPLETE
18,0.8310171384811401,2026-07-28 04:12:40.105455,2026-07-28 04:30:56.019995,0 days 00:18:15.914540,1.3147910767977393,1.0552108810565566,0.9106262521965558,1.12126317976008,1.5743652391676493,0.6937639536505998,2.373579349517822,4.7695279235839845,"{""Prosody"": {""alignment"": 0.750415780544281, ""uniformity"": -1.3565129327774048, ""effective_rank"": 5.765688915252685, ""weight_entropy_ratio"": 0.7062051916674252}, ""Vocal_Tract"": {""alignment"": 0.8936319327354432, ""uniformity"": -0.39130932807922364, ""effective_rank"": 3.2765633773803713, ""weight_entropy_ratio"": 0.667002720030991}, ""Timbre"": {""alignment"": 0.7463566279411316, ""uniformity"": -1.55333505153656, ""effective_rank"": 6.428884735107422, ""weight_entropy_ratio"": 0.5987778511336448}, ""Voice_Quality"": {""alignment"": 0.9758594608306885, ""uniformity"": -0.0911190876364708, ""effective_rank"": 2.373579349517822, ""weight_entropy_ratio"": 0.7233319532914101}, ""Scene"": {""alignment"": 0.7888218903541565, ""uniformity"": -1.3361801147460937, ""effective_rank"": 6.002923240661621, ""weight_entropy_ratio"": 0.6652562154267261}}",-0.0911190876364708,0.7463566279411316,2.373579349517822,-0.0911190876364708,-0.9456913029551507,0.6721147863100395,"[0.20888091236352918, 0.12642065048217788]",COMPLETE
19,0.8892721598148345,2026-07-28 04:31:00.330236,2026-07-28 04:49:12.341612,0 days 00:18:12.011376,0.527187636428425,0.6036803699167448,1.125194969718133,0.7257873510046451,1.016490452377394,0.849346539824186,2.2292368030548095,3.452694694519043,"{""Prosody"": {""alignment"": 0.9740262413024903, ""uniformity"": -0.09756833523511886, ""effective_rank"": 2.3665799140930175, ""weight_entropy_ratio"": 0.3509053583851793}, ""Vocal_Tract"": {""alignment"": 0.976724979877472, ""uniformity"": -0.08061577290296555, ""effective_rank"": 2.2292368030548095, ""weight_entropy_ratio"": 0.4752340814608098}, ""Timbre"": {""alignment"": 0.7822465443611145, ""uniformity"": -1.4122242093086244, ""effective_rank"": 5.397461967468262, ""weight_entropy_ratio"": 0.7081210502483019}, ""Voice_Quality"": {""alignment"": 0.9767668008804321, ""uniformity"": -0.08166216745972633, ""effective_rank"": 2.2388449001312254, ""weight_entropy_ratio"": 0.6236950775254135}, ""Scene"": {""alignment"": 0.7365962326526642, ""uniformity"": -1.3086600637435912, ""effective_rank"": 5.031349887847901, ""weight_entropy_ratio"": 0.4026255884376714}}",-0.08061577290296555,0.7365962326526642,2.2292368030548095,-0.08061577290296555,-0.5961461097300053,0.5121162312114752,"[0.2524316647648811, 0.27076319694519047]",COMPLETE
20,0.9548694548606872,2026-07-28 04:49:18.731096,2026-07-28 05:07:38.942049,0 days 00:18:20.210953,1.0053999532223024,1.3608082682794265,1.2795330977455115,0.5171329786952005,1.2916457645194859,0.501766485319147,2.042874746322632,2.6800968914031977,"{""Prosody"": {""alignment"": 0.9854866600036621, ""uniformity"": -0.05913051575422287, ""effective_rank"": 2.0436507797241212, ""weight_entropy_ratio"": 0.6188535711078393}, ""Vocal_Tract"": {""alignment"": 0.9844987607002258, ""uniformity"": -0.06194038659334183, ""effective_rank"": 2.072695560455322, ""weight_entropy_ratio"": 0.3096319500681009}, ""Timbre"": {""alignment"": 0.9084106016159058, ""uniformity"": -0.619606829881668, ""effective_rank"": 3.6253799057006835, ""weight_entropy_ratio"": 0.7785133825749969}, ""Voice_Quality"": {""alignment"": 0.985177583694458, ""uniformity"": -0.05935623332858086, ""effective_rank"": 2.042874746322632, ""weight_entropy_ratio"": 0.6802026671736566}, ""Scene"": {""alignment"": 0.9107736682891846, ""uniformity"": -0.6186014986038209, ""effective_rank"": 3.6158834648132325, ""weight_entropy_ratio"": 0.7644926461719657}}",-0.05913051575422287,0.9084106016159058,2.042874746322632,-0.05913051575422287,-0.2837270928323269,0.6303388434193119,"[0.2908694842457771, 0.457125253677368]",COMPLETE
21,0.9413852405548095,2026-07-28 05:07:44.784488,2026-07-28 05:25:53.107319,0 days 00:18:08.322831,0.9023170017245262,0.9505716495949075,0.6776804680056701,1.2613802221089137,0.8718961314478226,0.24170322366542918,2.356384348869324,3.531484169960022,"{""Prosody"": {""alignment"": 0.9749712038040161, ""uniformity"": -0.14415510412305593, ""effective_rank"": 2.4653279638290404, ""weight_entropy_ratio"": 0.5673929757968172}, ""Vocal_Tract"": {""alignment"": 0.9699154877662659, ""uniformity"": -0.121991050504148, ""effective_rank"": 2.369308142662048, ""weight_entropy_ratio"": 0.725217298969441}, ""Timbre"": {""alignment"": 0.8921467065811157, ""uniformity"": -0.7848727869987487, ""effective_rank"": 5.383700771331787, ""weight_entropy_ratio"": 0.42828304045072946}, ""Voice_Quality"": {""alignment"": 0.9655219602584839, ""uniformity"": -0.12073728431016206, ""effective_rank"": 2.356384348869324, ""weight_entropy_ratio"": 0.5782647557665407}, ""Scene"": {""alignment"": 0.9043708443641663, ""uniformity"": -0.7283035778999328, ""effective_rank"": 5.08269962310791, ""weight_entropy_ratio"": 0.6203735261553847}}",-0.12073728431016206,0.8921467065811157,2.356384348869324,-0.12073728431016206,-0.3800119607672095,0.5839063194277826,"[0.20584489587694405, 0.1436156511306761]",COMPLETE
22,0.8303676967620849,2026-07-28 05:25:57.387537,2026-07-28 05:44:06.438893,0 days 00:18:09.051356,0.8713273385760252,1.0328477540239294,0.6207927949207291,1.579950204630295,0.7624585275230862,0.5245435858299926,4.07216721534729,5.1799156188964846,"{""Prosody"": {""alignment"": 0.8625127530097961, ""uniformity"": -0.713370736837387, ""effective_rank"": 4.833543672561645, ""weight_entropy_ratio"": 0.5594668418608284}, ""Vocal_Tract"": {""alignment"": 0.876674792766571, ""uniformity"": -0.43122540295124057, ""effective_rank"": 4.229939880371094, ""weight_entropy_ratio"": 0.7949605254524604}, ""Timbre"": {""alignment"": 0.7161548209190368, ""uniformity"": -1.59467631816864, ""effective_rank"": 6.919686164855957, ""weight_entropy_ratio"": 0.38518065568297283}, ""Voice_Quality"": {""alignment"": 0.89477867603302, ""uniformity"": -0.34954741299152375, ""effective_rank"": 4.07216721534729, ""weight_entropy_ratio"": 0.5601014830785624}, ""Scene"": {""alignment"": 0.8017174410820007, ""uniformity"": -1.2349075341224671, ""effective_rank"": 5.844241161346435, ""weight_entropy_ratio"": 0.6590297533006979}}",-0.34954741299152375,0.7161548209190368,4.07216721534729,-0.34954741299152375,-0.8647454810142517,0.5917478518751045,"[-0.049547412991523765, -1.5721672153472896]",COMPLETE
23,0.8888981294631958,2026-07-28 05:44:10.835229,2026-07-28 06:02:23.813587,0 days 00:18:12.978358,1.2345872042413621,0.813468196167555,0.5805140473982695,1.6343034371301215,0.7793681063031881,0.5609343538851592,2.4754451227188112,3.607961130142212,"{""Prosody"": {""alignment"": 0.9676293778419495, ""uniformity"": -0.11681401759386062, ""effective_rank"": 2.565081024169922, ""weight_entropy_ratio"": 0.689353752827257}, ""Vocal_Tract"": {""alignment"": 0.9691591691970826, ""uniformity"": -0.10527334541082382, ""effective_rank"": 2.4754451227188112, ""weight_entropy_ratio"": 0.8109810539373767}, ""Timbre"": {""alignment"": 0.7362351417541504, ""uniformity"": -1.4405974292755126, ""effective_rank"": 5.545926856994629, ""weight_entropy_ratio"": 0.3335524603808526}, ""Voice_Quality"": {""alignment"": 0.9711926078796387, ""uniformity"": -0.105482789427042, ""effective_rank"": 2.4766779375076293, ""weight_entropy_ratio"": 0.563391059891151}, ""Scene"": {""alignment"": 0.800274350643158, ""uniformity"": -1.2266633582115174, ""effective_rank"": 4.9766747093200685, ""weight_entropy_ratio"": 0.5322945609494886}}",-0.10527334541082382,0.7362351417541504,2.4754451227188112,-0.10527334541082382,-0.5989661879837513,0.5859145775972252,"[0.23318598240613936, 0.02455487728118877]",COMPLETE
24,0.8756481685638426,2026-07-28 06:02:29.841032,2026-07-28 06:20:49.477072,0 days 00:18:19.636040,1.5347036904119473,1.281755820405296,0.819928182450212,1.4838806209510582,1.0101043011400577,0.6600336344683995,2.864777069091797,3.6008169193267814,"{""Prosody"": {""alignment"": 0.9370115733146668, ""uniformity"": -0.29471337735652925, ""effective_rank"": 3.051705141067505, ""weight_entropy_ratio"": 0.7694628081175083}, ""Vocal_Tract"": {""alignment"": 0.9327985239028931, ""uniformity"": -0.23967620432376863, ""effective_rank"": 2.8923869705200196, ""weight_entropy_ratio"": 0.7757323510740782}, ""Timbre"": {""alignment"": 0.7646347570419312, ""uniformity"": -1.372840132713318, ""effective_rank"": 4.706681022644043, ""weight_entropy_ratio"": 0.5275366036292731}, ""Voice_Quality"": {""alignment"": 0.9307830667495728, ""uniformity"": -0.22970410019159318, ""effective_rank"": 2.864777069091797, ""weight_entropy_ratio"": 0.6188716196648107}, ""Scene"": {""alignment"": 0.8130129218101502, ""uniformity"": -1.1981944823265076, ""effective_rank"": 4.488534393310547, ""weight_entropy_ratio"": 0.7280350007370491}}",-0.22970410019159318,0.7646347570419312,2.864777069091797,-0.22970410019159318,-0.6670256593823433,0.683927676644544,"[0.07029589980840681, -0.36477706909179686]",COMPLETE
25,0.9113406643867493,2026-07-28 06:20:54.029679,2026-07-28 06:38:56.293400,0 days 00:18:02.263721,1.5394466820514736,1.3685690201071292,1.0035757217215537,1.4603319796544578,1.0106599508878191,0.6590220132119445,2.458248424530029,3.701762077331543,"{""Prosody"": {""alignment"": 0.9841114211082459, ""uniformity"": -0.05933380477130413, ""effective_rank"": 2.458248424530029, ""weight_entropy_ratio"": 0.7675055029970543}, ""Vocal_Tract"": {""alignment"": 0.9842139530181885, ""uniformity"": -0.0608690669387579, ""effective_rank"": 2.471808223724365, ""weight_entropy_ratio"": 0.7669328060104971}, ""Timbre"": {""alignment"": 0.7722256898880004, ""uniformity"": -1.4819049453735351, ""effective_rank"": 5.847859897613525, ""weight_entropy_ratio"": 0.6487397371796553}, ""Voice_Quality"": {""alignment"": 0.9821924161911011, ""uniformity"": -0.062273255437612536, ""effective_rank"": 2.483403034210205, ""weight_entropy_ratio"": 0.6246665737326723}, ""Scene"": {""alignment"": 0.8339598417282105, ""uniformity"": -1.1573840713500976, ""effective_rank"": 5.24749080657959, ""weight_entropy_ratio"": 0.7622752977373005}}",-0.05933380477130413,0.7722256898880004,2.458248424530029,-0.05933380477130413,-0.5643530287742614,0.7140239835314359,"[0.29066619522869586, 0.04175157546997088]",COMPLETE
26,0.9326106171607971,2026-07-28 06:39:00.471049,2026-07-28 06:57:15.613681,0 days 00:18:15.142632,1.4873898674247947,1.276158077551272,0.8236282189078106,1.1630843634274601,1.1841829976506208,0.5279842813606764,1.7721786737442016,2.6673265819549563,"{""Prosody"": {""alignment"": 0.9909183096885681, ""uniformity"": -0.04117033544927835, ""effective_rank"": 1.7889776468276977, ""weight_entropy_ratio"": 0.7507482614655125}, ""Vocal_Tract"": {""alignment"": 0.9893474864959717, ""uniformity"": -0.039496123846620323, ""effective_rank"": 1.7793422985076903, ""weight_entropy_ratio"": 0.6804223481046903}, ""Timbre"": {""alignment"": 0.8306514048576354, ""uniformity"": -0.906333577632904, ""effective_rank"": 4.031876897811889, ""weight_entropy_ratio"": 0.5370030475916745}, ""Voice_Quality"": {""alignment"": 0.9895519971847534, ""uniformity"": -0.03696133270859718, ""effective_rank"": 1.7721786737442016, ""weight_entropy_ratio"": 0.6595582392639483}, ""Scene"": {""alignment"": 0.8625838875770568, ""uniformity"": -0.8655254650115967, ""effective_rank"": 3.964257392883301, ""weight_entropy_ratio"": 0.7388004988522846}}",-0.03696133270859718,0.8306514048576354,1.7721786737442016,-0.03696133270859718,-0.3778973669297993,0.673306479055622,"[0.30882966455072164, 0.7278213262557984]",COMPLETE
27,0.9440642371177672,2026-07-28 06:57:21.416603,2026-07-28 07:15:23.063215,0 days 00:18:01.646612,1.4103741832247327,1.489557817281776,0.8392893686833612,1.3621705856425117,0.7271319534997448,0.3844200154618026,2.087651433944702,3.0101006469726563,"{""Prosody"": {""alignment"": 0.9753997874259949, ""uniformity"": -0.10209210302680731, ""effective_rank"": 2.222703008651733, ""weight_entropy_ratio"": 0.7377606961881803}, ""Vocal_Tract"": {""alignment"": 0.9820164108276367, ""uniformity"": -0.0731542382016778, ""effective_rank"": 2.087651433944702, ""weight_entropy_ratio"": 0.735040780263865}, ""Timbre"": {""alignment"": 0.8775892090797425, ""uniformity"": -0.8114408409595489, ""effective_rank"": 4.398487215042114, ""weight_entropy_ratio"": 0.5486364071506791}, ""Voice_Quality"": {""alignment"": 0.9760564470291138, ""uniformity"": -0.07981146834790706, ""effective_rank"": 2.1402765941619872, ""weight_entropy_ratio"": 0.54006934573129}, ""Scene"": {""alignment"": 0.9092593312263488, ""uniformity"": -0.7522462344169617, ""effective_rank"": 4.201384983062744, ""weight_entropy_ratio"": 0.7982446814830483}}",-0.0731542382016778,0.8775892090797425,2.087651433944702,-0.0731542382016778,-0.3637489769905806,0.6719503821634126,"[0.24790789697319265, 0.4123485660552979]",COMPLETE
28,0.9487932944297792,2026-07-28 07:15:29.238403,2026-07-28 07:33:40.206289,0 days 00:18:10.967886,1.2545885882616081,1.0717655813242781,0.631418882414139,1.69915896016952,1.3390395360247906,0.2290888539193794,1.99372371673584,3.4281478652954096,"{""Prosody"": {""alignment"": 0.9939460897445679, ""uniformity"": -0.027478817962110044, ""effective_rank"": 2.030935549736023, ""weight_entropy_ratio"": 0.6938459698330695}, ""Vocal_Tract"": {""alignment"": 0.994148964881897, ""uniformity"": -0.024987629391252996, ""effective_rank"": 1.9963264322280885, ""weight_entropy_ratio"": 0.8159248692711232}, ""Timbre"": {""alignment"": 0.848459849357605, ""uniformity"": -1.2071075868606567, ""effective_rank"": 6.046737842559814, ""weight_entropy_ratio"": 0.38304883821118785}, ""Voice_Quality"": {""alignment"": 0.9939100861549377, ""uniformity"": -0.024508912824094297, ""effective_rank"": 1.99372371673584, ""weight_entropy_ratio"": 0.6864200279102874}, ""Scene"": {""alignment"": 0.9135014820098877, ""uniformity"": -0.8356488800048828, ""effective_rank"": 5.073015785217285, ""weight_entropy_ratio"": 0.6622497530527618}}",-0.024508912824094297,0.848459849357605,1.99372371673584,-0.024508912824094297,-0.42394636540859937,0.6482978916556859,"[0.32252118203788993, 0.5062762832641601]",COMPLETE
29,0.9387969980239868,2026-07-28 07:33:44.725935,2026-07-28 07:51:56.953106,0 days 00:18:12.227171,1.7967107770252655,1.5046069872173362,1.218676333290624,1.4866341043419393,0.7811164391824742,0.5876604328097895,1.4517747402191161,2.469735936164856,"{""Prosody"": {""alignment"": 0.997164568901062, ""uniformity"": -0.011594955776818096, ""effective_rank"": 1.4934069538116455, ""weight_entropy_ratio"": 0.8045983075588132}, ""Vocal_Tract"": {""alignment"": 0.9971388387680054, ""uniformity"": -0.010629106434062124, ""effective_rank"": 1.4763459253311157, ""weight_entropy_ratio"": 0.7778198631480078}, ""Timbre"": {""alignment"": 0.8384828281402588, ""uniformity"": -0.9724323630332947, ""effective_rank"": 4.008578042984009, ""weight_entropy_ratio"": 0.7490135789998276}, ""Voice_Quality"": {""alignment"": 0.9972303056716919, ""uniformity"": -0.009370819898322225, ""effective_rank"": 1.4517747402191161, ""weight_entropy_ratio"": 0.562994910063266}, ""Scene"": {""alignment"": 0.863968448638916, ""uniformity"": -0.935071496963501, ""effective_rank"": 3.9185740184783935, ""weight_entropy_ratio"": 0.7996472921375514}}",-0.009370819898322225,0.8384828281402588,1.4517747402191161,-0.009370819898322225,-0.3878197484211996,0.7388147903814931,"[0.3384050442231819, 1.0482252597808839]",COMPLETE
30,0.9341196813583375,2026-07-28 07:52:01.227200,2026-07-28 08:10:07.951157,0 days 00:18:06.723957,1.6160836637856006,0.6711919622304914,0.9933145087612122,1.5037892920879528,0.6086458511404285,0.4070322937854709,1.6187253379821778,2.7946489000320436,"{""Prosody"": {""alignment"": 0.9940986084938049, ""uniformity"": -0.023692569211125374, ""effective_rank"": 1.62165301322937, ""weight_entropy_ratio"": 0.7846893842411443}, ""Vocal_Tract"": {""alignment"": 0.9941357827186584, ""uniformity"": -0.023363089486956597, ""effective_rank"": 1.6187253379821778, ""weight_entropy_ratio"": 0.7828179921854013}, ""Timbre"": {""alignment"": 0.8509570193290711, ""uniformity"": -0.9525718879699707, ""effective_rank"": 4.570937614440918, ""weight_entropy_ratio"": 0.6535773028843695}, ""Voice_Quality"": {""alignment"": 0.9938916230201721, ""uniformity"": -0.02425713211297989, ""effective_rank"": 1.6284608793258668, ""weight_entropy_ratio"": 0.5002016106379087}, ""Scene"": {""alignment"": 0.8375153732299805, ""uniformity"": -0.9620580792427063, ""effective_rank"": 4.533467655181885, ""weight_entropy_ratio"": 0.45640131112119664}}",-0.023363089486956597,0.8375153732299805,1.6187253379821778,-0.023363089486956597,-0.3971885516047478,0.6355375202140041,"[0.3263074307888746, 0.8812746620178222]",COMPLETE
31,0.8863603620529175,2026-07-28 08:10:12.238683,2026-07-28 08:28:23.936805,0 days 00:18:11.698122,1.0820948008327642,1.055264808009568,0.6017107718572912,1.577387002587462,1.037086098467377,0.8099539777508323,2.178324828147888,3.3555008420944215,"{""Prosody"": {""alignment"": 0.9701628470420838, ""uniformity"": -0.10363964796066284, ""effective_rank"": 2.2404252338409423, ""weight_entropy_ratio"": 0.6349903091893959}, ""Vocal_Tract"": {""alignment"": 0.9709854102134705, ""uniformity"": -0.09713261008262634, ""effective_rank"": 2.208958024978638, ""weight_entropy_ratio"": 0.7924387960802731}, ""Timbre"": {""alignment"": 0.7315247797966004, ""uniformity"": -1.525474591255188, ""effective_rank"": 5.373406963348389, ""weight_entropy_ratio"": 0.36113010069493306}, ""Voice_Quality"": {""alignment"": 0.9741044664382934, ""uniformity"": -0.0903282380104065, ""effective_rank"": 2.178324828147888, ""weight_entropy_ratio"": 0.6282736357341335}, ""Scene"": {""alignment"": 0.7850243067741394, ""uniformity"": -1.2892141628265381, ""effective_rank"": 4.77638916015625, ""weight_entropy_ratio"": 0.6485589592790224}}",-0.0903282380104065,0.7315247797966004,2.178324828147888,-0.0903282380104065,-0.6211578500270843,0.6130783601955516,"[0.24636035203933715, 0.32167517185211203]",COMPLETE
32,0.9068044843673707,2026-07-28 08:28:30.020083,2026-07-28 08:46:44.064072,0 days 00:18:14.043989,0.8893798865650083,1.2771817701479016,0.7841831944691197,1.691252117256363,0.9669784975067992,0.6891368516589966,1.6959259223937988,3.041533612251282,"{""Prosody"": {""alignment"": 0.9939990091323853, ""uniformity"": -0.025756901912391186, ""effective_rank"": 1.7179838991165162, ""weight_entropy_ratio"": 0.564272633266291}, ""Vocal_Tract"": {""alignment"": 0.9942528414726257, ""uniformity"": -0.02412502571940422, ""effective_rank"": 1.6959259223937988, ""weight_entropy_ratio"": 0.8101802766849573}, ""Timbre"": {""alignment"": 0.744558596611023, ""uniformity"": -1.2655174922943115, ""effective_rank"": 5.214237289428711, ""weight_entropy_ratio"": 0.5115183965280715}, ""Voice_Quality"": {""alignment"": 0.9931392502784729, ""uniformity"": -0.028261568136513232, ""effective_rank"": 1.7412100791931153, ""weight_entropy_ratio"": 0.6103186430713505}, ""Scene"": {""alignment"": 0.8080727243423462, ""uniformity"": -1.1314434552192687, ""effective_rank"": 4.838310871124268, ""weight_entropy_ratio"": 0.7382280228402803}}",-0.02412502571940422,0.744558596611023,1.6959259223937988,-0.02412502571940422,-0.49502088865637783,0.6469035944781902,"[0.3242430980876088, 0.8040740776062012]",COMPLETE
33,0.8104014558792114,2026-07-28 08:46:48.545029,2026-07-28 09:04:56.837316,0 days 00:18:08.292287,1.0963055773500565,0.8131466434583837,0.6694660119839329,1.3957870104813246,1.1716848303488894,0.7499819773557466,2.643046274185181,3.784775972366333,"{""Prosody"": {""alignment"": 0.783540472984314, ""uniformity"": -0.9741518926620484, ""effective_rank"": 3.6983114528656005, ""weight_entropy_ratio"": 0.643869872361126}, ""Vocal_Tract"": {""alignment"": 0.893354971408844, ""uniformity"": -0.3545821294188499, ""effective_rank"": 2.872342252731323, ""weight_entropy_ratio"": 0.7522939416339242}, ""Timbre"": {""alignment"": 0.696714460849762, ""uniformity"": -1.3737403869628906, ""effective_rank"": 5.02508617401123, ""weight_entropy_ratio"": 0.4209247616265895}, ""Voice_Quality"": {""alignment"": 0.9411350536346436, ""uniformity"": -0.2008192577958107, ""effective_rank"": 2.643046274185181, ""weight_entropy_ratio"": 0.6601272257194714}, ""Scene"": {""alignment"": 0.7372623205184936, ""uniformity"": -1.271576943397522, ""effective_rank"": 4.68509370803833, ""weight_entropy_ratio"": 0.5446693246607313}}",-0.2008192577958107,0.696714460849762,2.643046274185181,-0.2008192577958107,-0.8349741220474242,0.6043770252003684,"[0.09918074220418929, -0.1430462741851808]",COMPLETE
34,0.8473433971405029,2026-07-28 09:05:01.075314,2026-07-28 09:23:07.050410,0 days 00:18:05.975096,1.5635174653927755,0.7792647503004411,0.704391153218225,1.3748021415196152,1.16409684663281,0.9023466704972389,2.351279740333557,3.2526090908050542,"{""Prosody"": {""alignment"": 0.9219804382324219, ""uniformity"": -0.3507231003046036, ""effective_rank"": 2.677423939704895, ""weight_entropy_ratio"": 0.7733029453304543}, ""Vocal_Tract"": {""alignment"": 0.9231274938583374, ""uniformity"": -0.21920043095946312, ""effective_rank"": 2.4157791328430176, ""weight_entropy_ratio"": 0.737935339743152}, ""Timbre"": {""alignment"": 0.7076788306236267, ""uniformity"": -1.3447139501571654, ""effective_rank"": 4.477787075042724, ""weight_entropy_ratio"": 0.44810183837627265}, ""Voice_Quality"": {""alignment"": 0.9289299392700195, ""uniformity"": -0.19456253215670585, ""effective_rank"": 2.351279740333557, ""weight_entropy_ratio"": 0.6549107093729059}, ""Scene"": {""alignment"": 0.7550002837181091, ""uniformity"": -1.2494553565979003, ""effective_rank"": 4.340775566101074, ""weight_entropy_ratio"": 0.5408482959920652}}",-0.19456253215670585,0.7076788306236267,2.351279740333557,-0.19456253215670585,-0.6717310740351676,0.63101982576297,"[0.10543746784329414, 0.14872025966644298]",COMPLETE
35,0.8781275696754456,2026-07-28 09:23:12.598722,2026-07-28 09:41:26.038495,0 days 00:18:13.439773,1.1224354858632306,0.6466566284886257,0.8633332613622064,1.2417796184539054,1.3894119015588309,0.4732622766017284,3.180495386123657,4.159911699295043,"{""Prosody"": {""alignment"": 0.9462912940979004, ""uniformity"": -0.30515862196683885, ""effective_rank"": 3.4057167625427245, ""weight_entropy_ratio"": 0.6610847268717134}, ""Vocal_Tract"": {""alignment"": 0.9297537302970886, ""uniformity"": -0.24914816454052924, ""effective_rank"": 3.280866107940674, ""weight_entropy_ratio"": 0.7100518729496824}, ""Timbre"": {""alignment"": 0.7895623922348023, ""uniformity"": -1.408134059906006, ""effective_rank"": 5.651744403839111, ""weight_entropy_ratio"": 0.5682170543554756}, ""Voice_Quality"": {""alignment"": 0.9380105662345887, ""uniformity"": -0.2143751500546932, ""effective_rank"": 3.180495386123657, ""weight_entropy_ratio"": 0.6996443766283201}, ""Scene"": {""alignment"": 0.7870198655128479, ""uniformity"": -1.3061084127426148, ""effective_rank"": 5.280735836029053, ""weight_entropy_ratio"": 0.43218646960944296}}",-0.2143751500546932,0.7870198655128479,3.180495386123657,-0.2143751500546932,-0.6965848818421364,0.614236900082927,"[0.08562484994530678, -0.6804953861236571]",COMPLETE
36,0.9090287446975708,2026-07-28 09:41:32.045961,2026-07-28 09:59:44.944914,0 days 00:18:12.898953,0.8342285730593397,0.6119351142985956,0.8530848125351513,1.2469641937998857,1.4101325178531825,0.4410840897757823,1.645453634262085,3.1362700881958006,"{""Prosody"": {""alignment"": 0.995592041015625, ""uniformity"": -0.018837668187916278, ""effective_rank"": 1.645453634262085, ""weight_entropy_ratio"": 0.53656774153338}, ""Vocal_Tract"": {""alignment"": 0.9951408982276917, ""uniformity"": -0.019584384225308896, ""effective_rank"": 1.6549555444717408, ""weight_entropy_ratio"": 0.705894054893312}, ""Timbre"": {""alignment"": 0.7718140292167663, ""uniformity"": -1.2355381631851197, ""effective_rank"": 5.592617988586426, ""weight_entropy_ratio"": 0.5504638620994878}, ""Voice_Quality"": {""alignment"": 0.9945112776756286, ""uniformity"": -0.0192225868627429, ""effective_rank"": 1.6508100748062133, ""weight_entropy_ratio"": 0.7033640619935738}, ""Scene"": {""alignment"": 0.7880854773521423, ""uniformity"": -1.1494548630714416, ""effective_rank"": 5.137513198852539, ""weight_entropy_ratio"": 0.4043276541386217}}",-0.018837668187916278,0.7718140292167663,1.645453634262085,-0.018837668187916278,-0.4885275331065058,0.580123474931675,"[0.3311623318120837, 0.8545463657379151]",COMPLETE
37,0.8888670363426209,2026-07-28 09:59:49.507576,2026-07-28 10:17:55.671648,0 days 00:18:06.164072,1.4258252526587127,1.2530459186546479,1.2998736288758335,1.072394262647056,1.5836728740901693,0.5103219630838742,2.482050828933716,4.020874654769897,"{""Prosody"": {""alignment"": 0.8738421821594238, ""uniformity"": -0.8020154619216919, ""effective_rank"": 4.182599954605102, ""weight_entropy_ratio"": 0.7361163762019016}, ""Vocal_Tract"": {""alignment"": 0.9235463953018188, ""uniformity"": -0.295316601395607, ""effective_rank"": 2.9449750995635986, ""weight_entropy_ratio"": 0.6458090299464235}, ""Timbre"": {""alignment"": 0.8336400866508484, ""uniformity"": -1.1554865980148314, ""effective_rank"": 5.4549495887756345, ""weight_entropy_ratio"": 0.7724588892911232}, ""Voice_Quality"": {""alignment"": 0.965925760269165, ""uniformity"": -0.12308667302131653, ""effective_rank"": 2.482050828933716, ""weight_entropy_ratio"": 0.7223215586573868}, ""Scene"": {""alignment"": 0.8473807573318481, ""uniformity"": -1.0655972790718078, ""effective_rank"": 5.039797801971435, ""weight_entropy_ratio"": 0.7272552252744281}}",-0.12308667302131653,0.8336400866508484,2.482050828933716,-0.12308667302131653,-0.6883005226850508,0.7207922158742527,"[0.17691332697868345, 0.01794917106628402]",COMPLETE
38,0.9415440831184386,2026-07-28 10:17:59.876354,2026-07-28 10:36:07.028102,0 days 00:18:07.151748,0.644772457906327,0.5687851938836473,0.9986584609048728,0.7922998154702507,1.4815325631072556,0.33658475720501696,2.130501194000244,3.0569412479400633,"{""Prosody"": {""alignment"": 0.9872609877586365, ""uniformity"": -0.05026591293513775, ""effective_rank"": 2.130501194000244, ""weight_entropy_ratio"": 0.4271113953912764}, ""Vocal_Tract"": {""alignment"": 0.9857778573036193, ""uniformity"": -0.051787531077861784, ""effective_rank"": 2.147128086090088, ""weight_entropy_ratio"": 0.506317050314744}, ""Timbre"": {""alignment"": 0.872088770866394, ""uniformity"": -0.8939099860191345, ""effective_rank"": 4.5176667213439945, ""weight_entropy_ratio"": 0.6505844097290437}, ""Voice_Quality"": {""alignment"": 0.9865343475341797, ""uniformity"": -0.050524415522813795, ""effective_rank"": 2.1314873695373535, ""weight_entropy_ratio"": 0.7018035604173903}, ""Scene"": {""alignment"": 0.8760584521293641, ""uniformity"": -0.909562418460846, ""effective_rank"": 4.357922868728638, ""weight_entropy_ratio"": 0.3869909229548393}}",-0.05026591293513775,0.872088770866394,2.130501194000244,-0.05026591293513775,-0.3912100528031588,0.5345614677614587,"[0.2997340870648622, 0.36949880599975593]",COMPLETE
39,0.9691203436851502,2026-07-28 10:36:12.630510,2026-07-28 10:54:18.112788,0 days 00:18:05.482278,1.2756864843754054,1.7685111921468013,1.4563912601110782,1.2019644192099057,0.5134529706598253,0.4804179052106332,1.677034945487976,2.413452347755432,"{""Prosody"": {""alignment"": 0.9902326083183288, ""uniformity"": -0.04071402695029974, ""effective_rank"": 1.6824720764160157, ""weight_entropy_ratio"": 0.7046866177108356}, ""Vocal_Tract"": {""alignment"": 0.9890518379211426, ""uniformity"": -0.04265450738370419, ""effective_rank"": 1.677034945487976, ""weight_entropy_ratio"": 0.7000207860628133}, ""Timbre"": {""alignment"": 0.9367363905906677, ""uniformity"": -0.4893450993299484, ""effective_rank"": 3.4863063144683837, ""weight_entropy_ratio"": 0.827522184658005}, ""Voice_Quality"": {""alignment"": 0.988152208328247, ""uniformity"": -0.04412623286247253, ""effective_rank"": 1.7023491477966308, ""weight_entropy_ratio"": 0.456158119418462}, ""Scene"": {""alignment"": 0.9414286732673645, ""uniformity"": -0.4923279356956482, ""effective_rank"": 3.5190992546081543, ""weight_entropy_ratio"": 0.852287525571932}}",-0.04071402695029974,0.9367363905906677,1.677034945487976,-0.04071402695029974,-0.2218335604444146,0.7081350466844095,"[0.30928597304970024, 0.822965054512024]",COMPLETE
40,0.8969810767173767,2026-07-28 10:54:23.997556,2026-07-28 11:12:38.213124,0 days 00:18:14.215568,1.6302979402937805,1.1286546236393664,0.7584118745712747,1.3263607411395895,1.6851996265759106,0.6220228871335951,2.4529955625534057,3.3626706848144527,"{""Prosody"": {""alignment"": 0.9689727449417114, ""uniformity"": -0.11151728004217148, ""effective_rank"": 2.4980398273468016, ""weight_entropy_ratio"": 0.786455841006081}, ""Vocal_Tract"": {""alignment"": 0.971382999420166, ""uniformity"": -0.10442255645990371, ""effective_rank"": 2.453987231254578, ""weight_entropy_ratio"": 0.7338901519560288}, ""Timbre"": {""alignment"": 0.7803496885299682, ""uniformity"": -1.329107174873352, ""effective_rank"": 4.800817642211914, ""weight_entropy_ratio"": 0.4833414640192655}, ""Voice_Quality"": {""alignment"": 0.9726421666145325, ""uniformity"": -0.10441051974892616, ""effective_rank"": 2.4529955625534057, ""weight_entropy_ratio"": 0.7411222462541015}, ""Scene"": {""alignment"": 0.7915577840805054, ""uniformity"": -1.1975068640708924, ""effective_rank"": 4.607513160705566, ""weight_entropy_ratio"": 0.69930042743492}}",-0.10441051974892616,0.7803496885299682,2.4529955625534057,-0.10441051974892616,-0.5693928790390492,0.6888220261340793,"[0.2384827199578285, 0.04700443744659433]",COMPLETE
41,0.8958759841918945,2026-07-28 11:12:42.871623,2026-07-28 11:30:45.618848,0 days 00:18:02.747225,1.1343057972245567,0.650879804310206,0.6442900014653132,1.3870439944065815,1.2051447279211154,0.5489325895112575,2.128597502708435,3.5628331212997444,"{""Prosody"": {""alignment"": 0.9857427382469177, ""uniformity"": -0.05076601631939411, ""effective_rank"": 2.171915774345398, ""weight_entropy_ratio"": 0.6608316672741013}, ""Vocal_Tract"": {""alignment"": 0.9856134653091431, ""uniformity"": -0.04968305066227913, ""effective_rank"": 2.164266667366028, ""weight_entropy_ratio"": 0.7555767441953753}, ""Timbre"": {""alignment"": 0.7307538723945618, ""uniformity"": -1.6224559354782104, ""effective_rank"": 5.938643074035644, ""weight_entropy_ratio"": 0.4090736615693437}, ""Voice_Quality"": {""alignment"": 0.9875744462013245, ""uniformity"": -0.04663985587656498, ""effective_rank"": 2.128597502708435, ""weight_entropy_ratio"": 0.6691295954989732}, ""Scene"": {""alignment"": 0.7896953988075256, ""uniformity"": -1.3407981967926026, ""effective_rank"": 5.410742588043213, ""weight_entropy_ratio"": 0.4544464827571895}}",-0.04663985587656498,0.7307538723945618,2.128597502708435,-0.04663985587656498,-0.6220686110258102,0.5898116302589966,"[0.2992339836806059, 0.37140249729156505]",COMPLETE
42,0.859588610649109,2026-07-28 11:30:49.903845,2026-07-28 11:48:53.964632,0 days 00:18:04.060787,1.0774475020179928,0.7567259600050004,1.1630351439548323,1.3043207364905263,1.3079165038755203,0.7043168242358985,2.5394613456726076,3.9999003715515133,"{""Prosody"": {""alignment"": 0.7967367672920227, ""uniformity"": -1.0610470938682557, ""effective_rank"": 4.418262977600097, ""weight_entropy_ratio"": 0.6400124646057804}, ""Vocal_Tract"": {""alignment"": 0.9614741778373719, ""uniformity"": -0.1354696634411812, ""effective_rank"": 2.8651667785644532, ""weight_entropy_ratio"": 0.7278208879043848}, ""Timbre"": {""alignment"": 0.7855506587028503, ""uniformity"": -1.2695310616493225, ""effective_rank"": 5.2116923332214355, ""weight_entropy_ratio"": 0.7341902100788599}, ""Voice_Quality"": {""alignment"": 0.9798661541938781, ""uniformity"": -0.07912328854203224, ""effective_rank"": 2.5394613456726076, ""weight_entropy_ratio"": 0.6839604982711037}, ""Scene"": {""alignment"": 0.7743152952194214, ""uniformity"": -1.1926635003089905, ""effective_rank"": 4.964918422698974, ""weight_entropy_ratio"": 0.5146517028990343}}",-0.07912328854203224,0.7743152952194214,2.5394613456726076,-0.07912328854203224,-0.7475669215619566,0.6601271527518326,"[0.22087671145796775, -0.03946134567260762]",COMPLETE
43,0.8654064402580262,2026-07-28 11:48:59.472831,2026-07-28 12:07:03.727906,0 days 00:18:04.255075,0.9257966548779987,0.9792368810756065,0.7148034082614114,1.4171561713527594,0.9155040952723208,0.64851832367359,2.553336544036865,3.5734584121704103,"{""Prosody"": {""alignment"": 0.9320572638511657, ""uniformity"": -0.2756947726011276, ""effective_rank"": 2.732216444015503, ""weight_entropy_ratio"": 0.5769793421887113}, ""Vocal_Tract"": {""alignment"": 0.9381474566459655, ""uniformity"": -0.23555549949407578, ""effective_rank"": 2.611678886413574, ""weight_entropy_ratio"": 0.7517200085709617}, ""Timbre"": {""alignment"": 0.7367913746833801, ""uniformity"": -1.4435095834732055, ""effective_rank"": 5.126058979034424, ""weight_entropy_ratio"": 0.4461473552850045}, ""Voice_Quality"": {""alignment"": 0.9354717922210694, ""uniformity"": -0.21850240036845206, ""effective_rank"": 2.553336544036865, ""weight_entropy_ratio"": 0.590458497584415}, ""Scene"": {""alignment"": 0.7845643138885499, ""uniformity"": -1.2810889625549315, ""effective_rank"": 4.844001207351685, ""weight_entropy_ratio"": 0.6230418192015982}}",-0.21850240036845206,0.7367913746833801,2.553336544036865,-0.21850240036845206,-0.6908702436983585,0.5976694045661382,"[0.08149759963154793, -0.05333654403686516]",COMPLETE
44,0.8658885746002197,2026-07-28 12:07:09.923813,2026-07-28 12:25:18.412828,0 days 00:18:08.489015,0.8145494041758052,1.0103655744372133,0.7875670490704573,1.4240481906350377,0.8394541187077946,0.6167228424975528,3.054925355911255,4.276040504455566,"{""Prosody"": {""alignment"": 0.8970205092430115, ""uniformity"": -0.44849763572216034, ""effective_rank"": 3.7630928802490233, ""weight_entropy_ratio"": 0.520993434328944}, ""Vocal_Tract"": {""alignment"": 0.9300245475769043, ""uniformity"": -0.22473864689469336, ""effective_rank"": 3.128994722366333, ""weight_entropy_ratio"": 0.7601296716577778}, ""Timbre"": {""alignment"": 0.7639413547515869, ""uniformity"": -1.5010534858703612, ""effective_rank"": 5.9296950340271, ""weight_entropy_ratio"": 0.5257657860696441}, ""Voice_Quality"": {""alignment"": 0.9397879195213318, ""uniformity"": -0.19595174312591554, ""effective_rank"": 3.054925355911255, ""weight_entropy_ratio"": 0.5844384924435208}, ""Scene"": {""alignment"": 0.7986685419082642, ""uniformity"": -1.2773587465286256, ""effective_rank"": 5.503494529724121, ""weight_entropy_ratio"": 0.6602597183784783}}",-0.19595174312591554,0.7639413547515869,3.054925355911255,-0.19595174312591554,-0.7295200516283512,0.610317420575673,"[0.10404825687408445, -0.554925355911255]",COMPLETE
45,0.8966566638946533,2026-07-28 12:25:22.991498,2026-07-28 12:43:36.070428,0 days 00:18:13.078930,0.9387151448872697,0.5006589232011417,0.7159953481386946,1.5203961738887415,0.9707055645959892,0.4198217421401744,2.2191325044631958,3.785372486114502,"{""Prosody"": {""alignment"": 0.9835929536819458, ""uniformity"": -0.06470570161938667, ""effective_rank"": 2.3907447910308837, ""weight_entropy_ratio"": 0.5782498123624011}, ""Vocal_Tract"": {""alignment"": 0.9865180253982544, ""uniformity"": -0.052526898533105854, ""effective_rank"": 2.245299611091614, ""weight_entropy_ratio"": 0.7696848438086213}, ""Timbre"": {""alignment"": 0.7671931886672974, ""uniformity"": -1.3965055131912232, ""effective_rank"": 6.17022102355957, ""weight_entropy_ratio"": 0.45278472534668746}, ""Voice_Quality"": {""alignment"": 0.9875008487701415, ""uniformity"": -0.05060319274663925, ""effective_rank"": 2.2191325044631958, ""weight_entropy_ratio"": 0.6040854619378233}, ""Scene"": {""alignment"": 0.7584783029556275, ""uniformity"": -1.3247164011001586, ""effective_rank"": 5.901464500427246, ""weight_entropy_ratio"": 0.31887000186826614}}",-0.05060319274663925,0.7584783029556275,2.2191325044631958,-0.05060319274663925,-0.5778115414381026,0.5447349690647598,"[0.2852942983806133, 0.28086749553680423]",COMPLETE
46,0.8763756928443908,2026-07-28 12:43:40.400644,2026-07-28 13:01:49.060620,0 days 00:18:08.659976,0.7649344637424911,0.909004641307452,0.8685117438745963,0.9549111899994445,0.9264658173741144,0.6562237638526962,2.5884511470794678,3.7472860298156743,"{""Prosody"": {""alignment"": 0.9521822142601013, ""uniformity"": -0.18072674363851549, ""effective_rank"": 2.761027431488037, ""weight_entropy_ratio"": 0.5074321281904739}, ""Vocal_Tract"": {""alignment"": 0.9539077949523925, ""uniformity"": -0.15516755253076553, ""effective_rank"": 2.6504221630096434, ""weight_entropy_ratio"": 0.5987549664565105}, ""Timbre"": {""alignment"": 0.7618292260169983, ""uniformity"": -1.427981367111206, ""effective_rank"": 5.524390048980713, ""weight_entropy_ratio"": 0.5650247754007087}, ""Voice_Quality"": {""alignment"": 0.9620206737518311, ""uniformity"": -0.1408796130120754, ""effective_rank"": 2.5884511470794678, ""weight_entropy_ratio"": 0.6032575163244893}, ""Scene"": {""alignment"": 0.7519385552406311, ""uniformity"": -1.300908284187317, ""effective_rank"": 5.212139358520508, ""weight_entropy_ratio"": 0.6049275223007236}}",-0.1408796130120754,0.7519385552406311,2.5884511470794678,-0.1408796130120754,-0.6411327120959759,0.5758793817345812,"[0.1692732563614845, -0.08845114707946777]",COMPLETE
47,0.9334219946861266,2026-07-28 13:01:54.600536,2026-07-28 13:20:01.194076,0 days 00:18:06.593540,0.7044303955292126,1.2203964564935592,1.0656474918051424,1.224517154581356,0.6810223234081014,0.3658989346266809,2.284987621307373,3.310720454216004,"{""Prosody"": {""alignment"": 0.9719038033485412, ""uniformity"": -0.10681262157857419, ""effective_rank"": 2.284987621307373, ""weight_entropy_ratio"": 0.46604839372422596}, ""Vocal_Tract"": {""alignment"": 0.9755546140670777, ""uniformity"": -0.10809362791478634, ""effective_rank"": 2.3069693183898927, ""weight_entropy_ratio"": 0.7054172746736209}, ""Timbre"": {""alignment"": 0.8614229702949524, ""uniformity"": -0.9693562483787537, ""effective_rank"": 5.05271806716919, ""weight_entropy_ratio"": 0.6911578512261884}, ""Voice_Quality"": {""alignment"": 0.9691685628890991, ""uniformity"": -0.10282470189034938, ""effective_rank"": 2.2870948934555053, ""weight_entropy_ratio"": 0.5354609145252005}, ""Scene"": {""alignment"": 0.8890600228309631, ""uniformity"": -0.8570918822288514, ""effective_rank"": 4.621832370758057, ""weight_entropy_ratio"": 0.7177328632410527}}",-0.10282470189034938,0.8614229702949524,2.284987621307373,-0.10282470189034938,-0.428835816398263,0.6231634594780577,"[0.2431873784214258, 0.2150123786926268]",COMPLETE
48,0.9265893049240111,2026-07-28 13:20:07.319130,2026-07-28 13:38:13.255115,0 days 00:18:05.935985,1.7352996430018086,1.1103693928151217,1.3617991203041762,0.6799165269194598,1.0978261552713622,0.5882705957955005,2.0335285758972166,3.1071939268112185,"{""Prosody"": {""alignment"": 0.9840928030014038, ""uniformity"": -0.06194080978631973, ""effective_rank"": 2.097705945968628, ""weight_entropy_ratio"": 0.8138377208844788}, ""Vocal_Tract"": {""alignment"": 0.982948362827301, ""uniformity"": -0.05777878690510988, ""effective_rank"": 2.0720005464553832, ""weight_entropy_ratio"": 0.437716520073839}, ""Timbre"": {""alignment"": 0.84171480178833, ""uniformity"": -1.15841392993927, ""effective_rank"": 4.747308559417725, ""weight_entropy_ratio"": 0.8048636105277467}, ""Voice_Quality"": {""alignment"": 0.9858297133445739, ""uniformity"": -0.05232807528227568, ""effective_rank"": 2.0335285758972166, ""weight_entropy_ratio"": 0.6404464241003933}, ""Scene"": {""alignment"": 0.8383608436584473, ""uniformity"": -1.1219640898704528, ""effective_rank"": 4.585426006317139, ""weight_entropy_ratio"": 0.6850409671583955}}",-0.05232807528227568,0.8383608436584473,2.0335285758972166,-0.05232807528227568,-0.49048513835668556,0.6763810485489706,"[0.28805919021368026, 0.4664714241027834]",COMPLETE
49,0.9330808148384093,2026-07-28 13:38:17.711062,2026-07-28 13:56:27.120916,0 days 00:18:09.409854,0.9787184720749958,1.627568775449458,0.9500424959745241,0.8655832314888272,0.8413058097441264,0.4775878312002053,2.1136850214004514,3.2269697837829585,"{""Prosody"": {""alignment"": 0.9841557216644287, ""uniformity"": -0.07160896269604564, ""effective_rank"": 2.147127366065979, ""weight_entropy_ratio"": 0.600004317447671}, ""Vocal_Tract"": {""alignment"": 0.9821079087257385, ""uniformity"": -0.06393045527860522, ""effective_rank"": 2.126751642227173, ""weight_entropy_ratio"": 0.5565506475917219}, ""Timbre"": {""alignment"": 0.8389555096626282, ""uniformity"": -1.044984061717987, ""effective_rank"": 5.0273253440856935, ""weight_entropy_ratio"": 0.6330626837135775}, ""Voice_Quality"": {""alignment"": 0.9801486849784851, ""uniformity"": -0.06541436113417148, ""effective_rank"": 2.1136850214004514, ""weight_entropy_ratio"": 0.5820085273580599}, ""Scene"": {""alignment"": 0.8800362491607666, ""uniformity"": -0.8768633949756622, ""effective_rank"": 4.719959545135498, ""weight_entropy_ratio"": 0.8264641400841956}}",-0.06393045527860522,0.8389555096626282,2.1136850214004514,-0.06393045527860522,-0.4245602471604943,0.6396180632390452,"[0.2783910373039543, 0.38631497859954855]",COMPLETE
50,0.930003373146057,2026-07-28 13:56:31.476196,2026-07-28 14:08:20.813919,0 days 00:11:49.337723,1.1915735066407076,0.9917177392307837,0.5755265645883023,1.6481921883099113,1.3868592282284644,0.28761849415332946,2.7932770824432374,4.14085334968567,"{""Prosody"": {""alignment"": 0.9784521245956421, ""uniformity"": -0.09010605841875076, ""effective_rank"": 2.914376516342163, ""weight_entropy_ratio"": 0.6720701821361739}, ""Vocal_Tract"": {""alignment"": 0.9773555016517639, ""uniformity"": -0.08630893886089325, ""effective_rank"": 2.8886357021331786, ""weight_entropy_ratio"": 0.8061154083517168}, ""Timbre"": {""alignment"": 0.8235135412216187, ""uniformity"": -1.1304507398605346, ""effective_rank"": 6.506072177886963, ""weight_entropy_ratio"": 0.32703620854324805}, ""Voice_Quality"": {""alignment"": 0.9786580634117127, ""uniformity"": -0.07769510477781295, ""effective_rank"": 2.7932770824432374, ""weight_entropy_ratio"": 0.6988770862279376}, ""Scene"": {""alignment"": 0.8920376348495483, ""uniformity"": -0.8876225471496582, ""effective_rank"": 5.601905269622803, ""weight_entropy_ratio"": 0.6351060745351123}}",-0.07769510477781295,0.8235135412216187,2.7932770824432374,-0.07769510477781295,-0.45443667781353,0.6278409919588377,"[0.25989394158124923, -0.29327708244323736]",COMPLETE
51,0.819120152950287,2026-07-28 14:08:25.014431,2026-07-28 14:17:32.294382,0 days 00:09:07.279951,1.0923391035637664,0.8675082475473098,0.651259740678975,1.428955662310098,1.250969923127008,0.7966377500668242,2.6440416431427,4.443757497787476,"{""Prosody"": {""alignment"": 0.7404161715507507, ""uniformity"": -1.185097155570984, ""effective_rank"": 4.966341171264649, ""weight_entropy_ratio"": 0.6453324614940125}, ""Vocal_Tract"": {""alignment"": 0.9149507284164429, ""uniformity"": -0.30442706882953646, ""effective_rank"": 3.0313548851013183, ""weight_entropy_ratio"": 0.7593229303942486}, ""Timbre"": {""alignment"": 0.7081204056739807, ""uniformity"": -1.5625442218780519, ""effective_rank"": 6.007240047454834, ""weight_entropy_ratio"": 0.3937944900493914}, ""Voice_Quality"": {""alignment"": 0.9479669427871704, ""uniformity"": -0.17590952098369597, ""effective_rank"": 2.6440416431427, ""weight_entropy_ratio"": 0.6721821540853989}, ""Scene"": {""alignment"": 0.7841465163230896, ""uniformity"": -1.305807695388794, ""effective_rank"": 5.569809741973877, ""weight_entropy_ratio"": 0.5726145561435534}}",-0.17590952098369597,0.7081204056739807,2.6440416431427,-0.17590952098369597,-0.9067571325302124,0.6086493184333209,"[0.12409047901630402, -0.14404164314270007]",COMPLETE
52,0.8757334604263306,2026-07-28 14:17:36.528016,2026-07-28 14:26:38.161125,0 days 00:09:01.633109,0.8354212130642722,0.7273217606754148,0.7367816623686692,1.322610002173165,1.13772922046742,0.7118987204361643,2.413117833137512,3.57062379360199,"{""Prosody"": {""alignment"": 0.9602928781509399, ""uniformity"": -0.16338471680879593, ""effective_rank"": 2.538343029022217, ""weight_entropy_ratio"": 0.5450581144247322}, ""Vocal_Tract"": {""alignment"": 0.9602607083320618, ""uniformity"": -0.141399295181036, ""effective_rank"": 2.441422071456909, ""weight_entropy_ratio"": 0.7418016071969776}, ""Timbre"": {""alignment"": 0.7309704566001892, ""uniformity"": -1.4456034469604493, ""effective_rank"": 5.3625625801086425, ""weight_entropy_ratio"": 0.47720624596903705}, ""Voice_Quality"": {""alignment"": 0.961705458164215, ""uniformity"": -0.13512653037905692, ""effective_rank"": 2.413117833137512, ""weight_entropy_ratio"": 0.6562234386280186}, ""Scene"": {""alignment"": 0.7654378008842468, ""uniformity"": -1.3209510040283203, ""effective_rank"": 5.097673454284668, ""weight_entropy_ratio"": 0.4999284101305274}}",-0.13512653037905692,0.7309704566001892,2.413117833137512,-0.13512653037905692,-0.6412929986715317,0.5840435632698586,"[0.18661528319120405, 0.08688216686248795]",COMPLETE
53,0.9046158962249757,2026-07-28 14:26:43.041349,2026-07-28 14:35:44.144488,0 days 00:09:01.103139,0.935228282681424,0.819635680703032,1.121301815901069,1.5365217243703169,1.0652583525044124,0.8575800500982849,1.827797384262085,2.8435202417373655,"{""Prosody"": {""alignment"": 0.9843437933921814, ""uniformity"": -0.058087259083986285, ""effective_rank"": 1.837957353591919, ""weight_entropy_ratio"": 0.5722003485514239}, ""Vocal_Tract"": {""alignment"": 0.979871060848236, ""uniformity"": -0.0596849886327982, ""effective_rank"": 1.8436511468887329, ""weight_entropy_ratio"": 0.790936247382405}, ""Timbre"": {""alignment"": 0.7758995127677918, ""uniformity"": -1.1701649832725525, ""effective_rank"": 4.443762598037719, ""weight_entropy_ratio"": 0.7120975287603842}, ""Voice_Quality"": {""alignment"": 0.9827361726760864, ""uniformity"": -0.05654537282884121, ""effective_rank"": 1.827797384262085, ""weight_entropy_ratio"": 0.6385744059500837}, ""Scene"": {""alignment"": 0.8002289414405823, ""uniformity"": -1.1478457903862, ""effective_rank"": 4.264432725906372, ""weight_entropy_ratio"": 0.5587842537687527}}",-0.05654537282884121,0.7758995127677918,1.827797384262085,-0.05654537282884121,-0.49846567884087567,0.65451855688261,"[0.2919127409160137, 0.6722026157379151]",COMPLETE
54,0.8879954061508178,2026-07-28 14:35:48.380553,2026-07-28 14:44:47.660351,0 days 00:08:59.279798,1.0499140432067378,1.188212044418196,0.6746395816738937,1.4526231911940437,0.93503119480517,0.7347370814912823,2.2920812463760374,3.2727287807464602,"{""Prosody"": {""alignment"": 0.9604295134544373, ""uniformity"": -0.15361907392740248, ""effective_rank"": 2.3343498134613037, ""weight_entropy_ratio"": 0.6307182541946333}, ""Vocal_Tract"": {""alignment"": 0.9626617693901062, ""uniformity"": -0.1408317492902279, ""effective_rank"": 2.2920812463760374, ""weight_entropy_ratio"": 0.7623727129878535}, ""Timbre"": {""alignment"": 0.7432759332656861, ""uniformity"": -1.274360318183899, ""effective_rank"": 4.907618045806885, ""weight_entropy_ratio"": 0.4244234033843997}, ""Voice_Quality"": {""alignment"": 0.9555604267120361, ""uniformity"": -0.14703718543052674, ""effective_rank"": 2.313461184501648, ""weight_entropy_ratio"": 0.5943484093154006}, ""Scene"": {""alignment"": 0.8180493879318237, ""uniformity"": -1.0723589038848877, ""effective_rank"": 4.516133613586426, ""weight_entropy_ratio"": 0.7102791936155188}}",-0.1408317492902279,0.7432759332656861,2.2920812463760374,-0.1408317492902279,-0.5576414461433887,0.6244283946995612,"[0.1963809260725975, 0.20791875362396262]",COMPLETE
55,0.8375330309867859,2026-07-28 14:44:52.079495,2026-07-28 14:53:51.480538,0 days 00:08:59.401043,1.147191205024061,0.630371420382636,0.502537394580056,1.1006250649611267,0.772965636716177,0.6538635648481924,3.1990957069396972,4.29486509513855,"{""Prosody"": {""alignment"": 0.9265331888198852, ""uniformity"": -0.36592179268598557, ""effective_rank"": 3.331785354614258, ""weight_entropy_ratio"": 0.663535857176069}, ""Vocal_Tract"": {""alignment"": 0.90585289478302, ""uniformity"": -0.3330597499012947, ""effective_rank"": 3.233642339706421, ""weight_entropy_ratio"": 0.6570622764453559}, ""Timbre"": {""alignment"": 0.7100618624687195, ""uniformity"": -1.6374424695968628, ""effective_rank"": 6.153368797302246, ""weight_entropy_ratio"": 0.26475715948611633}, ""Voice_Quality"": {""alignment"": 0.8973568940162658, ""uniformity"": -0.32386810302734376, ""effective_rank"": 3.1990957069396972, ""weight_entropy_ratio"": 0.553309176478935}, ""Scene"": {""alignment"": 0.7478603148460388, ""uniformity"": -1.383375096321106, ""effective_rank"": 5.556433277130127, ""weight_entropy_ratio"": 0.4241528752880175}}",-0.32386810302734376,0.7100618624687195,3.1990957069396972,-0.32386810302734376,-0.8087334423065186,0.5125634689748988,"[-0.015921792685985592, -0.6990957069396972]",COMPLETE
56,0.8785735521316528,2026-07-28 14:53:55.779757,2026-07-28 15:02:54.466440,0 days 00:08:58.686683,1.337437135340142,0.5652924048231003,0.5301768823807329,1.0974648278719683,0.6143185740781165,0.6496724119131394,1.9716015815734864,3.5320866832733158,"{""Prosody"": {""alignment"": 0.9883345866203308, ""uniformity"": -0.045811822488904, ""effective_rank"": 2.0667771339416503, ""weight_entropy_ratio"": 0.7185494286649129}, ""Vocal_Tract"": {""alignment"": 0.9871609473228454, ""uniformity"": -0.04407468482851982, ""effective_rank"": 2.0572939205169676, ""weight_entropy_ratio"": 0.6555442940560587}, ""Timbre"": {""alignment"": 0.6945965695381164, ""uniformity"": -1.6586033201217651, ""effective_rank"": 6.173519039154053, ""weight_entropy_ratio"": 0.29586821282463255}, ""Voice_Quality"": {""alignment"": 0.9903696942329406, ""uniformity"": -0.03764266051352024, ""effective_rank"": 1.9716015815734864, ""weight_entropy_ratio"": 0.5015574955326566}, ""Scene"": {""alignment"": 0.7324059629440307, ""uniformity"": -1.3571262788772582, ""effective_rank"": 5.39124174118042, ""weight_entropy_ratio"": 0.3798290893573142}}",-0.03764266051352024,0.6945965695381164,1.9716015815734864,-0.03764266051352024,-0.6286517533659935,0.510269704087115,"[0.30418817751109595, 0.5283984184265136]",COMPLETE
57,0.8896966304779051,2026-07-28 15:02:58.785601,2026-07-28 15:12:00.130696,0 days 00:09:01.345095,1.2215916614012579,0.6403450519055875,1.726393369481226,1.0065676749339705,0.7596386660031051,0.521769790568333,3.0966877841949465,4.380013158798217,"{""Prosody"": {""alignment"": 0.8640296196937561, ""uniformity"": -0.8145165979862213, ""effective_rank"": 4.368432998657227, ""weight_entropy_ratio"": 0.6913543873746248}, ""Vocal_Tract"": {""alignment"": 0.9212751579284668, ""uniformity"": -0.28814987450838087, ""effective_rank"": 3.3679797744750974, ""weight_entropy_ratio"": 0.6196009047439136}, ""Timbre"": {""alignment"": 0.9015899586677552, ""uniformity"": -0.7455380988121033, ""effective_rank"": 4.967014675140381, ""weight_entropy_ratio"": 0.8834735537347912}, ""Voice_Quality"": {""alignment"": 0.939545738697052, ""uniformity"": -0.20950724363327025, ""effective_rank"": 3.0966877841949465, ""weight_entropy_ratio"": 0.5521204231552697}, ""Scene"": {""alignment"": 0.8220426774024964, ""uniformity"": -1.1566544222831725, ""effective_rank"": 6.099950561523437, ""weight_entropy_ratio"": 0.4250019377820626}}",-0.20950724363327025,0.8220426774024964,3.0966877841949465,-0.20950724363327025,-0.6428732474446296,0.6343102413581323,"[0.09049275636672974, -0.5966877841949465]",COMPLETE
58,0.8855994272232056,2026-07-28 15:12:06.738085,2026-07-28 15:21:04.865244,0 days 00:08:58.127159,1.1667733044502346,1.399463250280123,0.5857369720969648,1.0559712003653572,0.8781720658993948,0.5904228566081736,2.065408034324646,3.386638976097107,"{""Prosody"": {""alignment"": 0.9790299701690673, ""uniformity"": -0.08040451422333718, ""effective_rank"": 2.0787353038787844, ""weight_entropy_ratio"": 0.6747941515624438}, ""Vocal_Tract"": {""alignment"": 0.9797367668151855, ""uniformity"": -0.07644497126340866, ""effective_rank"": 2.065408034324646, ""weight_entropy_ratio"": 0.6348189296127159}, ""Timbre"": {""alignment"": 0.6924829196929931, ""uniformity"": -1.4948378467559815, ""effective_rank"": 5.695497741699219, ""weight_entropy_ratio"": 0.3424933877255581}, ""Voice_Quality"": {""alignment"": 0.978828718662262, ""uniformity"": -0.0804732758551836, ""effective_rank"": 2.0775595760345458, ""weight_entropy_ratio"": 0.5882681747979327}, ""Scene"": {""alignment"": 0.7979187607765198, ""uniformity"": -1.1002800011634826, ""effective_rank"": 5.01599422454834, ""weight_entropy_ratio"": 0.7846013604090893}}",-0.07644497126340866,0.6924829196929931,2.065408034324646,-0.07644497126340866,-0.5664881218522787,0.604995200821548,"[0.2695954857766628, 0.4345919656753541]",COMPLETE
59,0.8733191285133363,2026-07-28 15:21:09.096555,2026-07-28 15:30:14.152380,0 days 00:09:05.055825,1.4613808118869076,0.5583613129441516,0.5115342017205978,0.6346731320853395,0.8269383379106093,0.5473300551655592,2.7095533275604247,4.681546905517578,"{""Prosody"": {""alignment"": 0.9686813259124756, ""uniformity"": -0.12115293070673942, ""effective_rank"": 2.906333227157593, ""weight_entropy_ratio"": 0.755619042407709}, ""Vocal_Tract"": {""alignment"": 0.9740593791007995, ""uniformity"": -0.09765257835388183, ""effective_rank"": 2.7095533275604247, ""weight_entropy_ratio"": 0.4073012223787511}, ""Timbre"": {""alignment"": 0.6994567036628723, ""uniformity"": -1.7642446041107178, ""effective_rank"": 7.947802715301513, ""weight_entropy_ratio"": 0.2795543291116564}, ""Voice_Quality"": {""alignment"": 0.9710006356239319, ""uniformity"": -0.10728694021701812, ""effective_rank"": 2.7855551719665526, ""weight_entropy_ratio"": 0.5724683929859044}, ""Scene"": {""alignment"": 0.7533975982666016, ""uniformity"": -1.462530164718628, ""effective_rank"": 7.0584900856018065, ""weight_entropy_ratio"": 0.373869327403903}}",-0.09765257835388183,0.6994567036628723,2.7095533275604247,-0.09765257835388183,-0.7105734436213971,0.47776246285758467,"[0.22884706929326054, -0.20955332756042466]",COMPLETE
60,0.9010173692703246,2026-07-28 15:30:18.427808,2026-07-28 15:39:23.987006,0 days 00:09:05.559198,1.391786461176382,0.6868639159202764,0.8883588117224688,1.179568468999934,0.6488265026398451,0.4460634288089287,2.3650405645370483,3.853352811813354,"{""Prosody"": {""alignment"": 0.9807636976242066, ""uniformity"": -0.07484872706234455, ""effective_rank"": 2.3951828479766846, ""weight_entropy_ratio"": 0.7345197337772287}, ""Vocal_Tract"": {""alignment"": 0.9801900601387024, ""uniformity"": -0.07525387555360794, ""effective_rank"": 2.3998208093643187, ""weight_entropy_ratio"": 0.692197902486665}, ""Timbre"": {""alignment"": 0.785741834640503, ""uniformity"": -1.3284805536270141, ""effective_rank"": 6.081785202026367, ""weight_entropy_ratio"": 0.5769259929469148}, ""Voice_Quality"": {""alignment"": 0.980753345489502, ""uniformity"": -0.07125212490558624, ""effective_rank"": 2.3650405645370483, ""weight_entropy_ratio"": 0.5201159121539406}, ""Scene"": {""alignment"": 0.7776379084587097, ""uniformity"": -1.3560270166397095, ""effective_rank"": 6.024934635162354, ""weight_entropy_ratio"": 0.4737397007650347}}",-0.07125212490558624,0.7776379084587097,2.3650405645370483,-0.07125212490558624,-0.5811724595576525,0.5994998484259567,"[0.2751512729376554, 0.13495943546295175]",COMPLETE
61,0.8931638569831848,2026-07-28 15:39:29.004471,2026-07-28 15:48:32.909801,0 days 00:09:03.905330,1.2289115651907996,0.6210672473085609,1.629265998161936,1.0053715015475935,0.740096613754967,0.5306712087643581,2.787952585220337,3.853784297943115,"{""Prosody"": {""alignment"": 0.9373519682884216, ""uniformity"": -0.3528874823451042, ""effective_rank"": 3.014373664855957, ""weight_entropy_ratio"": 0.6935958404501015}, ""Vocal_Tract"": {""alignment"": 0.9295170402526856, ""uniformity"": -0.2512365838885307, ""effective_rank"": 2.8585262203216555, ""weight_entropy_ratio"": 0.6244492982017197}, ""Timbre"": {""alignment"": 0.8586842036247253, ""uniformity"": -0.9646262311935425, ""effective_rank"": 5.146808681488037, ""weight_entropy_ratio"": 0.8737328964649742}, ""Voice_Quality"": {""alignment"": 0.9287119102478028, ""uniformity"": -0.22827952831983567, ""effective_rank"": 2.787952585220337, ""weight_entropy_ratio"": 0.5445547378459636}, ""Scene"": {""alignment"": 0.8115541625022888, ""uniformity"": -1.0862107348442078, ""effective_rank"": 5.461260337829589, ""weight_entropy_ratio"": 0.41166285378198453}}",-0.22827952831983567,0.8115541625022888,2.787952585220337,-0.22827952831983567,-0.5766481121182442,0.6295991253489487,"[0.07172047168016432, -0.28795258522033684]",COMPLETE
62,0.8970089826583861,2026-07-28 15:48:37.160745,2026-07-28 15:57:36.778470,0 days 00:08:59.617725,1.5758084555389968,0.6055027934833754,1.7986581597116356,0.836728848476401,0.7340115387792628,0.6704348014763841,2.5715825748443604,3.4262185134887693,"{""Prosody"": {""alignment"": 0.923331286907196, ""uniformity"": -0.4231216549873352, ""effective_rank"": 2.8963429164886474, ""weight_entropy_ratio"": 0.7719040083778931}, ""Vocal_Tract"": {""alignment"": 0.9179516935348511, ""uniformity"": -0.27556590765714645, ""effective_rank"": 2.6725888061523437, ""weight_entropy_ratio"": 0.5331848444049218}, ""Timbre"": {""alignment"": 0.8849035096168518, ""uniformity"": -0.8082598447799683, ""effective_rank"": 4.133164739608764, ""weight_entropy_ratio"": 0.8906086724295984}, ""Voice_Quality"": {""alignment"": 0.9410246086120605, ""uniformity"": -0.20311909079551696, ""effective_rank"": 2.5715825748443604, ""weight_entropy_ratio"": 0.5381337559642945}, ""Scene"": {""alignment"": 0.8178338146209717, ""uniformity"": -1.173353946208954, ""effective_rank"": 4.8574135303497314, ""weight_entropy_ratio"": 0.40902986257150525}}",-0.20311909079551696,0.8178338146209717,2.5715825748443604,-0.20311909079551696,-0.5766840888857842,0.6285722287496427,"[0.09688090920448303, -0.07158257484436037]",COMPLETE
63,0.897783278465271,2026-07-28 15:57:41.092306,2026-07-28 16:06:39.924397,0 days 00:08:58.832091,1.2984504849772822,0.5293424981896622,1.5265457256777049,0.9432800883151067,0.8046537811594232,0.49620434664617097,2.855739908218384,3.760973152160645,"{""Prosody"": {""alignment"": 0.9485187816619873, ""uniformity"": -0.3225371414422989, ""effective_rank"": 3.0324923324584963, ""weight_entropy_ratio"": 0.7032979422640744}, ""Vocal_Tract"": {""alignment"": 0.9189390969276429, ""uniformity"": -0.29070748716592787, ""effective_rank"": 2.910805730819702, ""weight_entropy_ratio"": 0.5946981153562673}, ""Timbre"": {""alignment"": 0.8735937762260437, ""uniformity"": -0.9292487537860871, ""effective_rank"": 4.991040782928467, ""weight_entropy_ratio"": 0.8444421923623004}, ""Voice_Quality"": {""alignment"": 0.9172010254859925, ""uniformity"": -0.2630156123638153, ""effective_rank"": 2.855739908218384, ""weight_entropy_ratio"": 0.5720375846804885}, ""Scene"": {""alignment"": 0.8306637120246887, ""uniformity"": -1.015770354270935, ""effective_rank"": 5.014787006378174, ""weight_entropy_ratio"": 0.35518480451837253}}",-0.2630156123638153,0.8306637120246887,2.855739908218384,-0.2630156123638153,-0.5642558698058129,0.6139321278363006,"[0.03698438763618467, -0.35573990821838386]",COMPLETE
64,0.8899612936973572,2026-07-28 16:06:44.166183,2026-07-28 16:15:45.719240,0 days 00:09:01.553057,1.3435822597566254,0.5186282662268646,1.5757777393669254,0.9178989321621199,0.7040454336387442,0.571443587433434,2.448319320678711,3.70977927017212,"{""Prosody"": {""alignment"": 0.8787244820594787, ""uniformity"": -0.685567877292633, ""effective_rank"": 3.4798489665985106, ""weight_entropy_ratio"": 0.7190865556539086}, ""Vocal_Tract"": {""alignment"": 0.9324140429496766, ""uniformity"": -0.25448891073465346, ""effective_rank"": 2.8200968647003175, ""weight_entropy_ratio"": 0.5846376848902282}, ""Timbre"": {""alignment"": 0.8692233800888062, ""uniformity"": -0.9495263481140137, ""effective_rank"": 4.487292194366455, ""weight_entropy_ratio"": 0.857734424002619}, ""Voice_Quality"": {""alignment"": 0.9612944507598877, ""uniformity"": -0.13435117036104202, ""effective_rank"": 2.448319320678711, ""weight_entropy_ratio"": 0.538115716614596}, ""Scene"": {""alignment"": 0.8081501126289368, ""uniformity"": -1.1082433652877808, ""effective_rank"": 5.313339004516601, ""weight_entropy_ratio"": 0.3408595456159961}}",-0.13435117036104202,0.8081501126289368,2.448319320678711,-0.13435117036104202,-0.6264355343580246,0.6080867853554696,"[0.16564882963895797, 0.05168067932128917]",COMPLETE
65,0.9925342350006103,2026-07-28 16:15:49.965855,2026-07-28 16:24:50.451212,0 days 00:09:00.485357,1.6699045585375991,0.7288275005681013,1.671038763098223,0.7649363199204334,0.7941064267737601,0.12789560748874573,1.8150747632980346,2.136886283874512,"{""Prosody"": {""alignment"": 0.9942799735069275, ""uniformity"": -0.02431429099291563, ""effective_rank"": 1.8196478986740112, ""weight_entropy_ratio"": 0.7910478441352536}, ""Vocal_Tract"": {""alignment"": 0.9937472224235535, ""uniformity"": -0.024084600824862717, ""effective_rank"": 1.8150747632980346, ""weight_entropy_ratio"": 0.49152361538932965}, ""Timbre"": {""alignment"": 0.9913833522796631, ""uniformity"": -0.16260913878679276, ""effective_rank"": 2.455264492034912, ""weight_entropy_ratio"": 0.8739377651955093}, ""Voice_Quality"": {""alignment"": 0.9938702964782715, ""uniformity"": -0.024630459509789943, ""effective_rank"": 1.834506826400757, ""weight_entropy_ratio"": 0.5645931131207189}, ""Scene"": {""alignment"": 0.9893903303146362, ""uniformity"": -0.2741943335533142, ""effective_rank"": 2.759937438964844, ""weight_entropy_ratio"": 0.4826275723497719}}",-0.024084600824862717,0.9893903303146362,1.8150747632980346,-0.024084600824862717,-0.10196656473353505,0.6407459820381166,"[0.3256857090070843, 0.6849252367019654]",COMPLETE
66,0.9184298620223998,2026-07-28 16:24:56.499332,2026-07-28 16:34:02.594257,0 days 00:09:06.094925,1.3045306544593112,0.5430420271747247,1.5532665217946988,0.972278338617834,0.5577766001901056,0.6241818686687224,2.270690016746521,3.560398644447327,"{""Prosody"": {""alignment"": 0.979367082118988, ""uniformity"": -0.08130191117525101, ""effective_rank"": 2.4901222085952757, ""weight_entropy_ratio"": 0.7053405826928567}, ""Vocal_Tract"": {""alignment"": 0.9832293868064881, ""uniformity"": -0.05852242477238178, ""effective_rank"": 2.311449074745178, ""weight_entropy_ratio"": 0.6018974018386899}, ""Timbre"": {""alignment"": 0.8559740281105042, ""uniformity"": -1.206315062046051, ""effective_rank"": 5.3425803565979, ""weight_entropy_ratio"": 0.8487492948418794}, ""Voice_Quality"": {""alignment"": 0.9854429936408997, ""uniformity"": -0.05428906798362732, ""effective_rank"": 2.270690016746521, ""weight_entropy_ratio"": 0.4826089840164187}, ""Scene"": {""alignment"": 0.7881358194351197, ""uniformity"": -1.305365607738495, ""effective_rank"": 5.387151565551758, ""weight_entropy_ratio"": 0.35103922062605053}}",-0.05428906798362732,0.7881358194351197,2.270690016746521,-0.05428906798362732,-0.5411588147431612,0.597927096803179,"[0.268698088824749, 0.22930998325347884]",COMPLETE
67,0.9005494265556336,2026-07-28 16:34:06.875532,2026-07-28 16:43:11.360780,0 days 00:09:04.485248,1.5375947688157876,0.9326095381197728,1.6402813826145315,0.8916048613110966,0.9729303012886383,0.5034324535046344,2.695347938537598,3.3937622356414794,"{""Prosody"": {""alignment"": 0.9458944296836853, ""uniformity"": -0.5077243673801423, ""effective_rank"": 3.015461006164551, ""weight_entropy_ratio"": 0.7650503214925624}, ""Vocal_Tract"": {""alignment"": 0.8942093181610108, ""uniformity"": -0.40334116578102114, ""effective_rank"": 2.7587013912200926, ""weight_entropy_ratio"": 0.565033821546468}, ""Timbre"": {""alignment"": 0.9045027518272399, ""uniformity"": -0.7195601844787598, ""effective_rank"": 4.152278327941895, ""weight_entropy_ratio"": 0.8680038457556953}, ""Voice_Quality"": {""alignment"": 0.876571216583252, ""uniformity"": -0.36635120630264284, ""effective_rank"": 2.695347938537598, ""weight_entropy_ratio"": 0.6171817144697246}, ""Scene"": {""alignment"": 0.8815694165229797, ""uniformity"": -0.845725281238556, ""effective_rank"": 4.347022514343262, ""weight_entropy_ratio"": 0.5990179399853657}}",-0.36635120630264284,0.876571216583252,2.695347938537598,-0.36635120630264284,-0.5685404410362244,0.6828575286499633,"[-0.06635120630264285, -0.1953479385375978]",COMPLETE
68,0.960132432937622,2026-07-28 16:43:15.643942,2026-07-28 16:52:15.848353,0 days 00:09:00.204411,1.5023052896257827,1.3140216682410033,1.6508544578528739,0.9058212245510041,0.9812776039332649,0.49203125603016756,1.800755925178528,2.5835368099212643,"{""Prosody"": {""alignment"": 0.9888703346252441, ""uniformity"": -0.04395624756813049, ""effective_rank"": 1.800755925178528, ""weight_entropy_ratio"": 0.7556849227481092}, ""Vocal_Tract"": {""alignment"": 0.9878377366065979, ""uniformity"": -0.04741291679441929, ""effective_rank"": 1.8256260967254638, ""weight_entropy_ratio"": 0.57154797412582}, ""Timbre"": {""alignment"": 0.9106897044181824, ""uniformity"": -0.6217145180702209, ""effective_rank"": 3.8239215850830077, ""weight_entropy_ratio"": 0.8679238897966394}, ""Voice_Quality"": {""alignment"": 0.9883620047569275, ""uniformity"": -0.04492265276610851, ""effective_rank"": 1.8156671285629273, ""weight_entropy_ratio"": 0.6173608097412098}, ""Scene"": {""alignment"": 0.9249023842811585, ""uniformity"": -0.6413261699676513, ""effective_rank"": 3.6517133140563964, ""weight_entropy_ratio"": 0.7452498207203628}}",-0.04395624756813049,0.9106897044181824,1.800755925178528,-0.04395624756813049,-0.2798665010333061,0.7115534834264281,"[0.3060437524318695, 0.6992440748214721]",COMPLETE
69,0.9666508326530456,2026-07-28 16:52:21.316078,2026-07-28 17:01:19.108149,0 days 00:08:57.792071,1.5224380178741115,0.6051146844734041,1.520906492951789,1.0178042231456574,0.809386513623463,0.4401453984935036,1.7774392557144165,2.166507842063904,"{""Prosody"": {""alignment"": 0.985871160030365, ""uniformity"": -0.053634070828557014, ""effective_rank"": 1.7897246503829956, ""weight_entropy_ratio"": 0.7603359928356344}, ""Vocal_Tract"": {""alignment"": 0.9853871536254882, ""uniformity"": -0.053419335670769216, ""effective_rank"": 1.782776017189026, ""weight_entropy_ratio"": 0.6310339094379898}, ""Timbre"": {""alignment"": 0.9490682101249694, ""uniformity"": -0.44039864480495455, ""effective_rank"": 2.6899553966522216, ""weight_entropy_ratio"": 0.832231311205667}, ""Voice_Quality"": {""alignment"": 0.9858425521850586, ""uniformity"": -0.05151637572795153, ""effective_rank"": 1.7774392557144165, ""weight_entropy_ratio"": 0.570050406562665}, ""Scene"": {""alignment"": 0.9270850872993469, ""uniformity"": -0.5321420204639434, ""effective_rank"": 2.7926438903808593, ""weight_entropy_ratio"": 0.40971187981265267}}",-0.05151637572795153,0.9270850872993469,1.7774392557144165,-0.05151637572795153,-0.22622208949923514,0.6406726999709218,"[0.29636592917144294, 0.7225607442855835]",COMPLETE
70,0.9430646562576294,2026-07-28 17:01:23.404115,2026-07-28 17:10:21.975051,0 days 00:08:58.570936,1.4443829922043494,1.0866954897974914,1.7695990394104568,0.8108267526365273,0.7413981783441239,0.5324977042650548,2.108923621177673,3.124024950027466,"{""Prosody"": {""alignment"": 0.9873633694648742, ""uniformity"": -0.0496721450611949, ""effective_rank"": 2.1177019929885863, ""weight_entropy_ratio"": 0.748898603177774}, ""Vocal_Tract"": {""alignment"": 0.9849153208732605, ""uniformity"": -0.05258992232382297, ""effective_rank"": 2.108923621177673, ""weight_entropy_ratio"": 0.5280371823479473}, ""Timbre"": {""alignment"": 0.9009894609451294, ""uniformity"": -0.9282605028152466, ""effective_rank"": 4.591919755935669, ""weight_entropy_ratio"": 0.8916586099994984}, ""Voice_Quality"": {""alignment"": 0.9857737398147584, ""uniformity"": -0.056472781375050546, ""effective_rank"": 2.191045866012573, ""weight_entropy_ratio"": 0.5533473245129469}, ""Scene"": {""alignment"": 0.8562813901901245, ""uniformity"": -1.0287958693504333, ""effective_rank"": 4.610533514022827, ""weight_entropy_ratio"": 0.6727593672393809}}",-0.0496721450611949,0.8562813901901245,2.108923621177673,-0.0496721450611949,-0.42315824418514963,0.6789402174555096,"[0.3003278549388051, 0.3910763788223268]",COMPLETE
71,0.907484706401825,2026-07-28 17:10:26.367284,2026-07-28 17:19:28.630243,0 days 00:09:02.262959,1.366278781682929,1.016755688487749,1.4687438991303128,1.5793920718253784,0.8990415868641116,0.5757042823759099,2.642897491455078,3.5205953159332277,"{""Prosody"": {""alignment"": 0.9509473633766174, ""uniformity"": -0.20396466940641403, ""effective_rank"": 2.8433955192565916, ""weight_entropy_ratio"": 0.7290703839100955}, ""Vocal_Tract"": {""alignment"": 0.9594987273216248, ""uniformity"": -0.15271568089723586, ""effective_rank"": 2.7078144550323486, ""weight_entropy_ratio"": 0.7966785174339469}, ""Timbre"": {""alignment"": 0.8481535267829895, ""uniformity"": -1.0808324432373047, ""effective_rank"": 4.796668949127198, ""weight_entropy_ratio"": 0.8309087531865869}, ""Voice_Quality"": {""alignment"": 0.9597657775878906, ""uniformity"": -0.13294993430376054, ""effective_rank"": 2.642897491455078, ""weight_entropy_ratio"": 0.5924505095205833}, ""Scene"": {""alignment"": 0.8190581369400024, ""uniformity"": -1.0919120073318482, ""effective_rank"": 4.612200164794922, ""weight_entropy_ratio"": 0.6469436260900835}}",-0.13294993430376054,0.8190581369400024,2.642897491455078,-0.13294993430376054,-0.5324749470353126,0.7192103580282594,"[0.16705006569623945, -0.14289749145507802]",COMPLETE
72,0.9649668264389039,2026-07-28 17:19:32.922604,2026-07-28 17:28:33.353254,0 days 00:09:00.430650,1.6001814821774465,0.9497806430565123,1.6374047244255112,0.8715332007867538,0.865728374702837,0.5098865868579701,1.3589040899276734,2.231847554206848,"{""Prosody"": {""alignment"": 0.9987908363342285, ""uniformity"": -0.004747895547188819, ""effective_rank"": 1.3589040899276734, ""weight_entropy_ratio"": 0.7790318026869995}, ""Vocal_Tract"": {""alignment"": 0.9987173295021057, ""uniformity"": -0.004860779875889421, ""effective_rank"": 1.3611299514770507, ""weight_entropy_ratio"": 0.5626936181658477}, ""Timbre"": {""alignment"": 0.9223121404647827, ""uniformity"": -0.6024045956134796, ""effective_rank"": 3.5368357372283934, ""weight_entropy_ratio"": 0.8618478215702209}, ""Voice_Quality"": {""alignment"": 0.9985418367385864, ""uniformity"": -0.0057970025902613995, ""effective_rank"": 1.3877262496948242, ""weight_entropy_ratio"": 0.5772663236820113}, ""Scene"": {""alignment"": 0.9064719891548156, ""uniformity"": -0.6656709790229798, ""effective_rank"": 3.514641742706299, ""weight_entropy_ratio"": 0.6148349854343391}}",-0.004747895547188819,0.9064719891548156,1.3589040899276734,-0.004747895547188819,-0.2566962505299598,0.6791349103078836,"[0.3452521044528112, 1.1410959100723266]",COMPLETE
73,0.8878933205604553,2026-07-28 17:28:37.600206,2026-07-28 17:37:43.546377,0 days 00:09:05.946171,1.2898643608544866,1.1771182321453058,1.7090681085119754,1.0529285672933286,0.9300224690928678,0.6064898957053938,2.742403717041016,4.186552970886231,"{""Prosody"": {""alignment"": 0.8427782630920411, ""uniformity"": -0.8501229286193848, ""effective_rank"": 3.95180983543396, ""weight_entropy_ratio"": 0.7064010234594741}, ""Vocal_Tract"": {""alignment"": 0.9302164697647095, ""uniformity"": -0.2707280999422073, ""effective_rank"": 3.442834024429321, ""weight_entropy_ratio"": 0.6424850087254025}, ""Timbre"": {""alignment"": 0.8501355433464051, ""uniformity"": -1.086089642047882, ""effective_rank"": 5.389692134857178, ""weight_entropy_ratio"": 0.8806019733071868}, ""Voice_Quality"": {""alignment"": 0.9738135838508606, ""uniformity"": -0.10115962103009224, ""effective_rank"": 2.742403717041016, ""weight_entropy_ratio"": 0.5993282941412709}, ""Scene"": {""alignment"": 0.8425227427482604, ""uniformity"": -1.0354539346694946, ""effective_rank"": 5.4060251426696775, ""weight_entropy_ratio"": 0.7056298314771421}}",-0.10115962103009224,0.8425227427482604,2.742403717041016,-0.10115962103009224,-0.6687108452618122,0.7068892262220953,"[0.19884037896990775, -0.24240371704101582]",COMPLETE
74,0.9171888852119445,2026-07-28 17:37:48.694030,2026-07-28 17:46:58.360900,0 days 00:09:09.666870,1.6488858285374337,0.9173004920086871,1.3813595229414604,0.7183884988215916,0.6387304028985735,0.39880884904994707,2.2156765937805174,3.6376869506835936,"{""Prosody"": {""alignment"": 0.9382480144500732, ""uniformity"": -0.45769512057304385, ""effective_rank"": 2.778219165802002, ""weight_entropy_ratio"": 0.7876262120091275}, ""Vocal_Tract"": {""alignment"": 0.9311432719230652, ""uniformity"": -0.26591530680656433, ""effective_rank"": 2.5853665924072264, ""weight_entropy_ratio"": 0.47566310240434717}, ""Timbre"": {""alignment"": 0.8843043899536133, ""uniformity"": -0.9100787901878357, ""effective_rank"": 5.004700660705566, ""weight_entropy_ratio"": 0.8121566339551439}, ""Voice_Quality"": {""alignment"": 0.9734172844886779, ""uniformity"": -0.09608787268400193, ""effective_rank"": 2.2156765937805174, ""weight_entropy_ratio"": 0.517488891860026}, ""Scene"": {""alignment"": 0.8588314652442932, ""uniformity"": -0.9843786358833313, ""effective_rank"": 5.604471740722656, ""weight_entropy_ratio"": 0.6103518928361066}}",-0.09608787268400193,0.8588314652442932,2.2156765937805174,-0.09608787268400193,-0.5428311452269554,0.6406573466129503,"[0.20391212731599806, 0.2843234062194826]",COMPLETE
75,0.9294744877815246,2026-07-28 17:47:04.081554,2026-07-28 17:56:04.532933,0 days 00:09:00.451379,1.7048344127194817,0.8641830059106453,1.6115495656195202,1.7548357552335683,1.0513423094311083,0.5484808947226951,2.069376983642578,3.2921990976333615,"{""Prosody"": {""alignment"": 0.9877500700950622, ""uniformity"": -0.04750381276011467, ""effective_rank"": 2.11297492980957, ""weight_entropy_ratio"": 0.7944885215056575}, ""Vocal_Tract"": {""alignment"": 0.9879007649421692, ""uniformity"": -0.04603902466595173, ""effective_rank"": 2.100647530555725, ""weight_entropy_ratio"": 0.823201538279788}, ""Timbre"": {""alignment"": 0.8583006238937378, ""uniformity"": -0.9702502179145813, ""effective_rank"": 5.151414203643799, ""weight_entropy_ratio"": 0.8575015099184123}, ""Voice_Quality"": {""alignment"": 0.9893368482589722, ""uniformity"": -0.042011335529386996, ""effective_rank"": 2.069376983642578, ""weight_entropy_ratio"": 0.6335181790198248}, ""Scene"": {""alignment"": 0.8240841317176819, ""uniformity"": -1.0242684030532836, ""effective_rank"": 5.026581840515137, ""weight_entropy_ratio"": 0.5687374747475452}}",-0.042011335529386996,0.8240841317176819,2.069376983642578,-0.042011335529386996,-0.42601455878466366,0.7354894446942454,"[0.3024961872398853, 0.43062301635742184]",COMPLETE
76,0.8862052526473998,2026-07-28 17:56:09.005796,2026-07-28 18:05:11.081202,0 days 00:09:02.075406,1.540075208620303,0.9628485196836173,0.610449524976994,0.9114261076832203,0.7889449873699841,0.6338268654837872,2.15005126953125,3.259158442497254,"{""Prosody"": {""alignment"": 0.9695597004890442, ""uniformity"": -0.13585042372345923, ""effective_rank"": 2.252218232154846, ""weight_entropy_ratio"": 0.7651657185473575}, ""Vocal_Tract"": {""alignment"": 0.9691947746276856, ""uniformity"": -0.11384835802018642, ""effective_rank"": 2.15005126953125, ""weight_entropy_ratio"": 0.5678038526579254}, ""Timbre"": {""alignment"": 0.753639953136444, ""uniformity"": -1.3087486410140992, ""effective_rank"": 5.037460632324219, ""weight_entropy_ratio"": 0.3624462009628867}, ""Voice_Quality"": {""alignment"": 0.9674794411659241, ""uniformity"": -0.11524866998195649, ""effective_rank"": 2.193476686477661, ""weight_entropy_ratio"": 0.5599678095867886}, ""Scene"": {""alignment"": 0.7711523938179016, ""uniformity"": -1.1958483457565308, ""effective_rank"": 4.662585391998291, ""weight_entropy_ratio"": 0.617018345220587}}",-0.11384835802018642,0.753639953136444,2.15005126953125,-0.11384835802018642,-0.5739088876992464,0.5744803853951089,"[0.21414957627654074, 0.34994873046874986]",COMPLETE
77,0.8816951570510864,2026-07-28 18:05:16.959717,2026-07-28 18:14:19.228971,0 days 00:09:02.269254,0.5179343022415557,0.5836913259631071,0.5490325064343147,1.0973430085244447,0.7011444714698059,0.6831044181530889,1.9643705892562866,3.5058250045776367,"{""Prosody"": {""alignment"": 0.9837459564208985, ""uniformity"": -0.06180451810359955, ""effective_rank"": 1.9967847537994385, ""weight_entropy_ratio"": 0.33940845521622415}, ""Vocal_Tract"": {""alignment"": 0.9841696429252624, ""uniformity"": -0.060488462597131726, ""effective_rank"": 1.9866558408737183, ""weight_entropy_ratio"": 0.6647015762044133}, ""Timbre"": {""alignment"": 0.7129493117332458, ""uniformity"": -1.4731409454345703, ""effective_rank"": 5.821138153076172, ""weight_entropy_ratio"": 0.3073307256778842}, ""Voice_Quality"": {""alignment"": 0.9843966126441955, ""uniformity"": -0.05809699021279812, ""effective_rank"": 1.9643705892562866, ""weight_entropy_ratio"": 0.533454635919461}, ""Scene"": {""alignment"": 0.7432142615318298, ""uniformity"": -1.3949708604812623, ""effective_rank"": 5.760175685882569, ""weight_entropy_ratio"": 0.38669585287217617}}",-0.05809699021279812,0.7129493117332458,1.9643705892562866,-0.05809699021279812,-0.6097003553658723,0.4463182491780317,"[0.28819548189640043, 0.5356294107437134]",COMPLETE
78,0.9072839722633362,2026-07-28 18:14:23.659104,2026-07-28 18:23:29.200640,0 days 00:09:05.541536,1.219351490801106,0.6369335962028587,1.3235426621897026,1.1227386637982255,1.0052911639178983,0.4648882693473138,2.712792282104492,3.968174160003662,"{""Prosody"": {""alignment"": 0.9490302562713623, ""uniformity"": -0.2135901454091072, ""effective_rank"": 3.0843871879577636, ""weight_entropy_ratio"": 0.6802402834876504}, ""Vocal_Tract"": {""alignment"": 0.96240309715271, ""uniformity"": -0.13682518810033797, ""effective_rank"": 2.8096141052246093, ""weight_entropy_ratio"": 0.6588201497300035}, ""Timbre"": {""alignment"": 0.8521662449836731, ""uniformity"": -1.204780833721161, ""effective_rank"": 5.588566703796387, ""weight_entropy_ratio"": 0.7937849017001463}, ""Voice_Quality"": {""alignment"": 0.9687758660316468, ""uniformity"": -0.11547579228878022, ""effective_rank"": 2.712792282104492, ""weight_entropy_ratio"": 0.6205135618728275}, ""Scene"": {""alignment"": 0.8040443968772888, ""uniformity"": -1.2587906575202943, ""effective_rank"": 5.6455105209350585, ""weight_entropy_ratio"": 0.4284094747240779}}",-0.11547579228878022,0.8040443968772888,2.712792282104492,-0.11547579228878022,-0.5858925234079361,0.636353674302941,"[0.18452420771121977, -0.21279228210449208]",COMPLETE
79,0.9226312055587769,2026-07-28 18:23:33.722680,2026-07-28 18:32:34.031685,0 days 00:09:00.309005,1.0403160299497338,1.0429881623792057,1.6947975778507398,0.9524668600777652,0.8477720316637506,0.7287287746718641,2.349004821777344,3.3869309005737307,"{""Prosody"": {""alignment"": 0.9863888669013977, ""uniformity"": -0.0583835244178772, ""effective_rank"": 2.366053371429443, ""weight_entropy_ratio"": 0.6208549192188674}, ""Vocal_Tract"": {""alignment"": 0.9849101424217224, ""uniformity"": -0.05652545973658562, ""effective_rank"": 2.3567310523986817, ""weight_entropy_ratio"": 0.5925341852179463}, ""Timbre"": {""alignment"": 0.8527858877182006, ""uniformity"": -1.1350387406349183, ""effective_rank"": 5.082358989715576, ""weight_entropy_ratio"": 0.8795707195960977}, ""Voice_Quality"": {""alignment"": 0.9852161812782287, ""uniformity"": -0.05549914911389351, ""effective_rank"": 2.349004821777344, ""weight_entropy_ratio"": 0.5782241355797183}, ""Scene"": {""alignment"": 0.8038549494743347, ""uniformity"": -1.172798180580139, ""effective_rank"": 4.780506267547607, ""weight_entropy_ratio"": 0.6575790116263923}}",-0.05549914911389351,0.8038549494743347,2.349004821777344,-0.05549914911389351,-0.49564901089668273,0.6657525942478044,"[0.2916164755821228, 0.15099517822265618]",COMPLETE
